"תוצאות בקטריאליות מדיגום במסגרת פיקוח מדגמי בנחלים, סקרים, שונות ",,,,,,,
קוד נקודה,תאריך דיגום,מדד בקטריאלי,תוצאה     CFU/100 ml,שם נקודה,אתר,,
NS00001996,2022-02-07 14:14:00,קוליפורם צואתי,<10,בריכת מעיין עליונה - עינות צוקים,עינות צוקים,,
NS00001996,2022-03-15 14:31:37,קוליפורם צואתי,80,בריכת מעיין עליונה - עינות צוקים,עינות צוקים,,
NS00001996,2022-04-11 13:29:46,קוליפורם צואתי,100,בריכת מעיין עליונה - עינות צוקים,עינות צוקים,,
NS00001996,2022-06-13 15:56:11,קוליפורם צואתי,270,בריכת מעיין עליונה - עינות צוקים,עינות צוקים,,
NS00001648,2022-04-11 13:29:46,קוליפורם צואתי,30,מזין בריכת קנה,עינות צוקים,,
NS00001648,2022-06-13 15:56:11,קוליפורם צואתי,60,מזין בריכת קנה,עינות צוקים,,
NS00001648,2022-08-14 14:13:45,קוליפורם צואתי,420,מזין בריכת קנה,עינות צוקים,,
NS00001648,2022-09-11 11:45:29,קוליפורם צואתי,140,מזין בריכת קנה,עינות צוקים,,
NS00001648,2022-11-07 14:43:06,קוליפורם צואתי,<10,מזין בריכת קנה,עינות צוקים,,
NS00001649,2022-04-11 13:29:46,קוליפורם צואתי,250,בריכת קנה,עינות צוקים,,
NS00001649,2022-06-13 15:56:11,קוליפורם צואתי,20,בריכת קנה,עינות צוקים,,
NS00001649,2022-08-14 14:13:45,קוליפורם צואתי,>1000,בריכת קנה,עינות צוקים,,
NS00001649,2022-09-11 11:45:29,קוליפורם צואתי,300,בריכת קנה,עינות צוקים,,
NS00001649,2022-11-07 14:43:06,קוליפורם צואתי,50,בריכת קנה,עינות צוקים,,
NS00001650,2022-02-07 14:12:00,קוליפורם צואתי,60,מזין בריכת המעיין התחתונה,עינות צוקים,,
NS00001650,2022-03-15 14:31:37,קוליפורם צואתי,30,מזין בריכת המעיין התחתונה,עינות צוקים,,
NS00001650,2022-04-11 13:29:46,קוליפורם צואתי,<10,מזין בריכת המעיין התחתונה,עינות צוקים,,
NS00001650,2022-06-13 15:56:11,קוליפורם צואתי,50,מזין בריכת המעיין התחתונה,עינות צוקים,,
NS00001650,2022-08-14 14:13:45,קוליפורם צואתי,150,מזין בריכת המעיין התחתונה,עינות צוקים,,
NS00001650,2022-09-11 11:45:29,קוליפורם צואתי,120,מזין בריכת המעיין התחתונה,עינות צוקים,,
NS00001650,2022-11-07 14:43:06,קוליפורם צואתי,30,מזין בריכת המעיין התחתונה,עינות צוקים,,
NS00001651,2022-02-07 14:12:00,קוליפורם צואתי,<10,בריכת המעיין,עינות צוקים,,
NS00001651,2022-03-15 14:31:37,קוליפורם צואתי,120,בריכת המעיין,עינות צוקים,,
NS00001651,2022-04-11 13:29:46,קוליפורם צואתי,40,בריכת המעיין,עינות צוקים,,
NS00001651,2022-06-13 15:56:11,קוליפורם צואתי,200,בריכת המעיין,עינות צוקים,,
NS00001651,2022-08-14 14:13:45,קוליפורם צואתי,2000,בריכת המעיין,עינות צוקים,,
NS00001651,2022-08-21 10:37:00,קוליפורם צואתי,380,בריכת המעיין,עינות צוקים,,
NS00001651,2022-09-11 11:45:29,קוליפורם צואתי,2300,בריכת המעיין,עינות צוקים,,
NS00001651,2022-09-13 11:51:21,קוליפורם צואתי,70,בריכת המעיין,עינות צוקים,,
NS00001651,2022-11-07 14:43:06,קוליפורם צואתי,100,בריכת המעיין,עינות צוקים,,
NS00000711,2022-03-29 13:56:09,E.coli MUG,120,ג'ילבון מפל דבורה,ג'ילבון,,
NS00000711,2022-03-29 13:56:09,קוליפורם צואתי,130,ג'ילבון מפל דבורה,ג'ילבון,,
NS00000711,2022-04-11 14:46:04,E.coli MUG,140,ג'ילבון מפל דבורה,ג'ילבון,,
NS00000711,2022-04-11 14:46:04,קוליפורם צואתי,140,ג'ילבון מפל דבורה,ג'ילבון,,
NS00000711,2022-04-25 00:00:00,E.coli MUG,500,ג'ילבון מפל דבורה,ג'ילבון,,
NS00000711,2022-04-25 00:00:00,קוליפורם צואתי,540,ג'ילבון מפל דבורה,ג'ילבון,,
NS00000711,2022-05-10 14:35:55,E.coli MUG,160,ג'ילבון מפל דבורה,ג'ילבון,,
NS00000711,2022-05-10 14:35:55,קוליפורם צואתי,160,ג'ילבון מפל דבורה,ג'ילבון,,
NS00000711,2022-05-23 13:28:03,E.coli MUG,230,ג'ילבון מפל דבורה,ג'ילבון,,
NS00000711,2022-05-23 13:28:03,קוליפורם צואתי,230,ג'ילבון מפל דבורה,ג'ילבון,,
NS00000711,2022-06-07 13:27:27,E.coli MUG,100,ג'ילבון מפל דבורה,ג'ילבון,,
NS00000711,2022-06-07 13:27:27,קוליפורם צואתי,160,ג'ילבון מפל דבורה,ג'ילבון,,
NS00000711,2022-06-21 12:49:01,E.coli MUG,170,ג'ילבון מפל דבורה,ג'ילבון,,
NS00000711,2022-06-21 12:49:01,קוליפורם צואתי,300,ג'ילבון מפל דבורה,ג'ילבון,,
NS00000711,2022-07-04 12:51:00,E.coli MUG,430,ג'ילבון מפל דבורה,ג'ילבון,,
NS00000711,2022-07-04 12:51:00,קוליפורם צואתי,600,ג'ילבון מפל דבורה,ג'ילבון,,
NS00000711,2022-07-18 13:40:43,E.coli MUG,130,ג'ילבון מפל דבורה,ג'ילבון,,
NS00000711,2022-07-18 13:40:43,קוליפורם צואתי,240,ג'ילבון מפל דבורה,ג'ילבון,,
NS00000711,2022-08-01 13:00:13,E.coli MUG,500,ג'ילבון מפל דבורה,ג'ילבון,,
NS00000711,2022-08-01 13:00:13,קוליפורם צואתי,500,ג'ילבון מפל דבורה,ג'ילבון,,
NS00000711,2022-08-15 17:37:25,E.coli MUG,570,ג'ילבון מפל דבורה,ג'ילבון,,
NS00000711,2022-08-15 17:37:25,קוליפורם צואתי,570,ג'ילבון מפל דבורה,ג'ילבון,,
NS00000711,2022-08-29 12:58:10,E.coli MUG,1600,ג'ילבון מפל דבורה,ג'ילבון,,
NS00000711,2022-08-29 12:58:10,קוליפורם צואתי,1800,ג'ילבון מפל דבורה,ג'ילבון,,
NS00000711,2022-09-05 14:26:19,E.coli MUG,2400,ג'ילבון מפל דבורה,ג'ילבון,,
NS00000711,2022-09-05 14:26:19,קוליפורם צואתי,2400,ג'ילבון מפל דבורה,ג'ילבון,,
NS00000711,2022-09-19 12:22:11,E.coli MUG,3200,ג'ילבון מפל דבורה,ג'ילבון,,
NS00000711,2022-09-19 12:22:11,קוליפורם צואתי,3200,ג'ילבון מפל דבורה,ג'ילבון,,
NS00000711,2022-10-02 13:26:47,E.coli MUG,1500,ג'ילבון מפל דבורה,ג'ילבון,,
NS00000711,2022-10-02 13:26:47,קוליפורם צואתי,1500,ג'ילבון מפל דבורה,ג'ילבון,,
NS00000711,2022-10-18 13:03:20,E.coli MUG,730,ג'ילבון מפל דבורה,ג'ילבון,,
NS00000711,2022-10-18 13:03:20,קוליפורם צואתי,730,ג'ילבון מפל דבורה,ג'ילבון,,
NS00000711,2022-10-30 14:27:18,E.coli MUG,380,ג'ילבון מפל דבורה,ג'ילבון,,
NS00000711,2022-10-30 14:27:18,קוליפורם צואתי,400,ג'ילבון מפל דבורה,ג'ילבון,,
NS00000711,2022-11-21 15:48:05,E.coli MUG,190,ג'ילבון מפל דבורה,ג'ילבון,,
NS00000711,2022-11-21 15:48:05,קוליפורם צואתי,260,ג'ילבון מפל דבורה,ג'ילבון,,
NS00000711,2022-12-18 13:53:50,E.coli MUG,300,ג'ילבון מפל דבורה,ג'ילבון,,
NS00000711,2022-12-18 13:53:50,קוליפורם צואתי,300,ג'ילבון מפל דבורה,ג'ילבון,,
NS00000706,2022-03-29 13:56:09,E.coli MUG,30,זוויתן לפני מפל,זוויתן,,
NS00000706,2022-03-29 13:56:09,קוליפורם צואתי,50,זוויתן לפני מפל,זוויתן,,
NS00000706,2022-04-11 14:46:04,E.coli MUG,70,זוויתן לפני מפל,זוויתן,,
NS00000706,2022-04-11 14:46:04,קוליפורם צואתי,70,זוויתן לפני מפל,זוויתן,,
NS00000706,2022-04-25 00:00:00,E.coli MUG,170,זוויתן לפני מפל,זוויתן,,
NS00000706,2022-04-25 00:00:00,קוליפורם צואתי,190,זוויתן לפני מפל,זוויתן,,
NS00000706,2022-05-10 14:35:55,E.coli MUG,60,זוויתן לפני מפל,זוויתן,,
NS00000706,2022-05-10 14:35:55,קוליפורם צואתי,60,זוויתן לפני מפל,זוויתן,,
NS00000706,2022-05-23 13:28:03,E.coli MUG,20,זוויתן לפני מפל,זוויתן,,
NS00000706,2022-05-23 13:28:03,קוליפורם צואתי,20,זוויתן לפני מפל,זוויתן,,
NS00000706,2022-06-07 13:27:27,E.coli MUG,50,זוויתן לפני מפל,זוויתן,,
NS00000706,2022-06-07 13:27:27,קוליפורם צואתי,120,זוויתן לפני מפל,זוויתן,,
NS00000706,2022-06-20 00:00:00,E.coli MUG,290,זוויתן לפני מפל,זוויתן,,
NS00000706,2022-06-20 00:00:00,קוליפורם צואתי,290,זוויתן לפני מפל,זוויתן,,
NS00000706,2022-07-04 12:51:00,E.coli MUG,50,זוויתן לפני מפל,זוויתן,,
NS00000706,2022-07-04 12:51:00,קוליפורם צואתי,50,זוויתן לפני מפל,זוויתן,,
NS00000706,2022-07-18 13:40:43,E.coli MUG,20,זוויתן לפני מפל,זוויתן,,
NS00000706,2022-07-18 13:40:43,קוליפורם צואתי,40,זוויתן לפני מפל,זוויתן,,
NS00000706,2022-08-01 13:00:13,E.coli MUG,20,זוויתן לפני מפל,זוויתן,,
NS00000706,2022-08-01 13:00:13,קוליפורם צואתי,120,זוויתן לפני מפל,זוויתן,,
NS00000706,2022-08-15 17:37:25,E.coli MUG,40,זוויתן לפני מפל,זוויתן,,
NS00000706,2022-08-15 17:37:25,קוליפורם צואתי,40,זוויתן לפני מפל,זוויתן,,
NS00000706,2022-08-29 12:58:10,E.coli MUG,40,זוויתן לפני מפל,זוויתן,,
NS00000706,2022-08-29 12:58:10,קוליפורם צואתי,40,זוויתן לפני מפל,זוויתן,,
NS00000706,2022-09-05 14:26:19,E.coli MUG,40,זוויתן לפני מפל,זוויתן,,
NS00000706,2022-09-05 14:26:19,קוליפורם צואתי,80,זוויתן לפני מפל,זוויתן,,
NS00000706,2022-09-19 12:22:11,E.coli MUG,<2,זוויתן לפני מפל,זוויתן,,
NS00000706,2022-09-19 12:22:11,קוליפורם צואתי,20,זוויתן לפני מפל,זוויתן,,
NS00000706,2022-10-02 13:26:47,E.coli MUG,80,זוויתן לפני מפל,זוויתן,,
NS00000706,2022-10-02 13:26:47,קוליפורם צואתי,160,זוויתן לפני מפל,זוויתן,,
NS00000706,2022-10-18 13:03:20,E.coli MUG,40,זוויתן לפני מפל,זוויתן,,
NS00000706,2022-10-18 13:03:20,קוליפורם צואתי,50,זוויתן לפני מפל,זוויתן,,
NS00000706,2022-10-30 14:27:18,E.coli MUG,90,זוויתן לפני מפל,זוויתן,,
NS00000706,2022-10-30 14:27:18,קוליפורם צואתי,150,זוויתן לפני מפל,זוויתן,,
NS00000706,2022-11-21 15:48:05,E.coli MUG,100,זוויתן לפני מפל,זוויתן,,
NS00000706,2022-11-21 15:48:05,קוליפורם צואתי,100,זוויתן לפני מפל,זוויתן,,
NS00000706,2022-12-18 13:53:50,E.coli MUG,20,זוויתן לפני מפל,זוויתן,,
NS00000706,2022-12-18 13:53:50,קוליפורם צואתי,200,זוויתן לפני מפל,זוויתן,,
NS00001908,2022-03-29 13:56:09,E.coli MUG,820,ירדן גשר להבות הבשן,ירדן,,
NS00001908,2022-03-29 13:56:09,קוליפורם צואתי,820,ירדן גשר להבות הבשן,ירדן,,
NS00001908,2022-04-11 14:46:04,E.coli MUG,360,ירדן גשר להבות הבשן,ירדן,,
NS00001908,2022-04-11 14:46:04,קוליפורם צואתי,360,ירדן גשר להבות הבשן,ירדן,,
NS00001908,2022-04-25 00:00:00,E.coli MUG,360,ירדן גשר להבות הבשן,ירדן,,
NS00001908,2022-04-25 00:00:00,קוליפורם צואתי,360,ירדן גשר להבות הבשן,ירדן,,
NS00001908,2022-05-10 14:35:55,E.coli MUG,130,ירדן גשר להבות הבשן,ירדן,,
NS00001908,2022-05-10 14:35:55,קוליפורם צואתי,230,ירדן גשר להבות הבשן,ירדן,,
NS00001908,2022-05-23 13:28:03,E.coli MUG,330,ירדן גשר להבות הבשן,ירדן,,
NS00001908,2022-05-23 13:28:03,קוליפורם צואתי,330,ירדן גשר להבות הבשן,ירדן,,
NS00001908,2022-06-07 13:27:27,E.coli MUG,370,ירדן גשר להבות הבשן,ירדן,,
NS00001908,2022-06-07 13:27:27,קוליפורם צואתי,370,ירדן גשר להבות הבשן,ירדן,,
NS00001908,2022-06-20 00:00:00,E.coli MUG,1000,ירדן גשר להבות הבשן,ירדן,,
NS00001908,2022-06-20 00:00:00,קוליפורם צואתי,1200,ירדן גשר להבות הבשן,ירדן,,
NS00001908,2022-07-04 12:51:00,E.coli MUG,330,ירדן גשר להבות הבשן,ירדן,,
NS00001908,2022-07-04 12:51:00,קוליפורם צואתי,750,ירדן גשר להבות הבשן,ירדן,,
NS00001908,2022-07-18 13:40:43,E.coli MUG,1400,ירדן גשר להבות הבשן,ירדן,,
NS00001908,2022-07-18 13:40:43,קוליפורם צואתי,1400,ירדן גשר להבות הבשן,ירדן,,
NS00001908,2022-08-01 13:00:13,E.coli MUG,800,ירדן גשר להבות הבשן,ירדן,,
NS00001908,2022-08-01 13:00:13,קוליפורם צואתי,800,ירדן גשר להבות הבשן,ירדן,,
NS00001908,2022-08-15 17:37:25,E.coli MUG,1500,ירדן גשר להבות הבשן,ירדן,,
NS00001908,2022-08-15 17:37:25,קוליפורם צואתי,1500,ירדן גשר להבות הבשן,ירדן,,
NS00001908,2022-08-29 12:58:10,E.coli MUG,1200,ירדן גשר להבות הבשן,ירדן,,
NS00001908,2022-08-29 12:58:10,קוליפורם צואתי,1600,ירדן גשר להבות הבשן,ירדן,,
NS00001908,2022-09-05 14:34:52,E.coli MUG,1600,ירדן גשר להבות הבשן,ירדן,,
NS00001908,2022-09-05 14:34:52,קוליפורם צואתי,1600,ירדן גשר להבות הבשן,ירדן,,
NS00001908,2022-09-19 12:22:11,E.coli MUG,2400,ירדן גשר להבות הבשן,ירדן,,
NS00001908,2022-09-19 12:22:11,קוליפורם צואתי,2400,ירדן גשר להבות הבשן,ירדן,,
NS00001908,2022-10-02 13:26:47,E.coli MUG,3200,ירדן גשר להבות הבשן,ירדן,,
NS00001908,2022-10-02 13:26:47,קוליפורם צואתי,3200,ירדן גשר להבות הבשן,ירדן,,
NS00001908,2022-10-18 13:05:27,E.coli MUG,2100,ירדן גשר להבות הבשן,ירדן,,
NS00001908,2022-10-18 13:05:27,קוליפורם צואתי,2100,ירדן גשר להבות הבשן,ירדן,,
NS00001908,2022-10-30 14:27:18,E.coli MUG,6000,ירדן גשר להבות הבשן,ירדן,,
NS00001908,2022-10-30 14:27:18,קוליפורם צואתי,6000,ירדן גשר להבות הבשן,ירדן,,
NS00001908,2022-11-02 12:21:31,E.coli MUG,1500,ירדן גשר להבות הבשן,ירדן,,
NS00001908,2022-11-02 12:21:31,קוליפורם צואתי,1500,ירדן גשר להבות הבשן,ירדן,,
NS00001908,2022-11-21 15:48:05,E.coli MUG,1950,ירדן גשר להבות הבשן,ירדן,,
NS00001908,2022-11-21 15:48:05,קוליפורם צואתי,1950,ירדן גשר להבות הבשן,ירדן,,
NS00001908,2022-12-18 13:53:50,E.coli MUG,570,ירדן גשר להבות הבשן,ירדן,,
NS00001908,2022-12-18 13:53:50,קוליפורם צואתי,570,ירדן גשר להבות הבשן,ירדן,,
NS00002041,2022-11-21 15:48:05,E.coli MUG,1700,נוחיילה,סקר ,,
NS00002041,2022-11-21 15:48:05,סטרפטוקוק/אנטרוקוק ממוצא צואתי,270,נוחיילה,סקר ,,
NS00002041,2022-11-21 15:48:05,קוליפורם צואתי,1700,נוחיילה,סקר ,,
NS00002041,2022-12-11 14:11:20,E.coli MUG,450,נוחיילה,סקר ,,
NS00002041,2022-12-11 14:11:20,סטרפטוקוק/אנטרוקוק ממוצא צואתי,170,נוחיילה,סקר ,,
NS00002041,2022-12-11 14:11:20,קוליפורם צואתי,520,נוחיילה,סקר ,,
NS00002041,2022-12-18 13:53:50,E.coli MUG,950,נוחיילה,סקר ,,
NS00002041,2022-12-18 13:53:50,סטרפטוקוק/אנטרוקוק ממוצא צואתי,50,נוחיילה,סקר ,,
NS00002041,2022-12-18 13:53:50,קוליפורם צואתי,950,נוחיילה,סקר ,,
NS00002041,2022-12-25 12:14:19,E.coli MUG,400,נוחיילה,סקר ,,
NS00002041,2022-12-25 12:14:19,סטרפטוקוק/אנטרוקוק ממוצא צואתי,200,נוחיילה,סקר ,,
NS00002041,2022-12-25 12:14:19,קוליפורם צואתי,480,נוחיילה,סקר ,,
NS00000705,2022-03-29 13:56:09,E.coli MUG,250,בניאס גשר כפר סאלד,בניאס,,
NS00000705,2022-03-29 13:56:09,קוליפורם צואתי,290,בניאס גשר כפר סאלד,בניאס,,
NS00000705,2022-04-11 14:46:04,E.coli MUG,210,בניאס גשר כפר סאלד,בניאס,,
NS00000705,2022-04-11 14:46:04,קוליפורם צואתי,320,בניאס גשר כפר סאלד,בניאס,,
NS00000705,2022-04-25 07:56:47,E.coli MUG,100,בניאס גשר כפר סאלד,בניאס,,
NS00000705,2022-04-25 07:56:47,קוליפורם צואתי,170,בניאס גשר כפר סאלד,בניאס,,
NS00000705,2022-05-10 14:35:55,E.coli MUG,110,בניאס גשר כפר סאלד,בניאס,,
NS00000705,2022-05-10 14:35:55,קוליפורם צואתי,160,בניאס גשר כפר סאלד,בניאס,,
NS00000705,2022-05-23 13:28:03,E.coli MUG,140,בניאס גשר כפר סאלד,בניאס,,
NS00000705,2022-05-23 13:28:03,קוליפורם צואתי,140,בניאס גשר כפר סאלד,בניאס,,
NS00000705,2022-06-07 13:27:27,E.coli MUG,40,בניאס גשר כפר סאלד,בניאס,,
NS00000705,2022-06-07 13:27:27,קוליפורם צואתי,140,בניאס גשר כפר סאלד,בניאס,,
NS00000705,2022-06-20 09:26:28,E.coli MUG,200,בניאס גשר כפר סאלד,בניאס,,
NS00000705,2022-06-20 09:26:28,קוליפורם צואתי,270,בניאס גשר כפר סאלד,בניאס,,
NS00000705,2022-07-04 12:51:00,E.coli MUG,10,בניאס גשר כפר סאלד,בניאס,,
NS00000705,2022-07-04 12:51:00,קוליפורם צואתי,110,בניאס גשר כפר סאלד,בניאס,,
NS00000705,2022-07-18 13:40:43,E.coli MUG,80,בניאס גשר כפר סאלד,בניאס,,
NS00000705,2022-07-18 13:40:43,קוליפורם צואתי,150,בניאס גשר כפר סאלד,בניאס,,
NS00000705,2022-08-01 13:00:13,E.coli MUG,160,בניאס גשר כפר סאלד,בניאס,,
NS00000705,2022-08-01 13:00:13,קוליפורם צואתי,190,בניאס גשר כפר סאלד,בניאס,,
NS00000705,2022-08-15 17:37:25,E.coli MUG,160,בניאס גשר כפר סאלד,בניאס,,
NS00000705,2022-08-15 17:37:25,קוליפורם צואתי,160,בניאס גשר כפר סאלד,בניאס,,
NS00000705,2022-08-29 12:58:10,E.coli MUG,220,בניאס גשר כפר סאלד,בניאס,,
NS00000705,2022-08-29 12:58:10,קוליפורם צואתי,410,בניאס גשר כפר סאלד,בניאס,,
NS00000705,2022-09-05 14:26:19,E.coli MUG,1150,בניאס גשר כפר סאלד,בניאס,,
NS00000705,2022-09-05 14:26:19,קוליפורם צואתי,1150,בניאס גשר כפר סאלד,בניאס,,
NS00000705,2022-09-19 12:22:11,E.coli MUG,190,בניאס גשר כפר סאלד,בניאס,,
NS00000705,2022-09-19 12:22:11,קוליפורם צואתי,310,בניאס גשר כפר סאלד,בניאס,,
NS00000705,2022-10-02 13:26:47,E.coli MUG,310,בניאס גשר כפר סאלד,בניאס,,
NS00000705,2022-10-02 13:26:47,קוליפורם צואתי,460,בניאס גשר כפר סאלד,בניאס,,
NS00000705,2022-10-18 13:03:20,E.coli MUG,140,בניאס גשר כפר סאלד,בניאס,,
NS00000705,2022-10-18 13:03:20,קוליפורם צואתי,150,בניאס גשר כפר סאלד,בניאס,,
NS00000705,2022-10-30 14:27:18,E.coli MUG,250,בניאס גשר כפר סאלד,בניאס,,
NS00000705,2022-10-30 14:27:18,קוליפורם צואתי,460,בניאס גשר כפר סאלד,בניאס,,
NS00000705,2022-11-21 15:48:05,E.coli MUG,220,בניאס גשר כפר סאלד,בניאס,,
NS00000705,2022-11-21 15:48:05,קוליפורם צואתי,230,בניאס גשר כפר סאלד,בניאס,,
NS00000705,2022-12-18 13:53:50,E.coli MUG,180,בניאס גשר כפר סאלד,בניאס,,
NS00000705,2022-12-18 13:53:50,קוליפורם צואתי,180,בניאס גשר כפר סאלד,בניאס,,
NS00001971,2022-03-29 13:56:09,E.coli MUG,1400,חצבני גשר רומי,חצבני,,
NS00001971,2022-03-29 13:56:09,קוליפורם צואתי,1870,חצבני גשר רומי,חצבני,,
NS00001971,2022-04-11 14:46:04,E.coli MUG,780,חצבני גשר רומי,חצבני,,
NS00001971,2022-04-11 14:46:04,קוליפורם צואתי,780,חצבני גשר רומי,חצבני,,
NS00001971,2022-04-25 00:00:00,E.coli MUG,2200,חצבני גשר רומי,חצבני,,
NS00001971,2022-04-25 00:00:00,קוליפורם צואתי,2200,חצבני גשר רומי,חצבני,,
NS00001971,2022-05-10 14:35:55,E.coli MUG,700,חצבני גשר רומי,חצבני,,
NS00001971,2022-05-10 14:35:55,קוליפורם צואתי,700,חצבני גשר רומי,חצבני,,
NS00001971,2022-05-23 13:28:03,E.coli MUG,340,חצבני גשר רומי,חצבני,,
NS00001971,2022-05-23 13:28:03,קוליפורם צואתי,340,חצבני גשר רומי,חצבני,,
NS00001971,2022-06-07 13:27:27,E.coli MUG,320,חצבני גשר רומי,חצבני,,
NS00001971,2022-06-07 13:27:27,קוליפורם צואתי,320,חצבני גשר רומי,חצבני,,
NS00001971,2022-06-20 00:00:00,E.coli MUG,800,חצבני גשר רומי,חצבני,,
NS00001971,2022-06-20 00:00:00,קוליפורם צואתי,800,חצבני גשר רומי,חצבני,,
NS00001971,2022-07-04 12:51:00,E.coli MUG,200,חצבני גשר רומי,חצבני,,
NS00001971,2022-07-04 12:51:00,קוליפורם צואתי,400,חצבני גשר רומי,חצבני,,
NS00001971,2022-07-18 13:40:43,E.coli MUG,220,חצבני גשר רומי,חצבני,,
NS00001971,2022-07-18 13:40:43,קוליפורם צואתי,630,חצבני גשר רומי,חצבני,,
NS00001971,2022-08-01 13:00:13,E.coli MUG,800,חצבני גשר רומי,חצבני,,
NS00001971,2022-08-01 13:00:13,קוליפורם צואתי,800,חצבני גשר רומי,חצבני,,
NS00001971,2022-08-15 17:37:25,E.coli MUG,220,חצבני גשר רומי,חצבני,,
NS00001971,2022-08-15 17:37:25,קוליפורם צואתי,510,חצבני גשר רומי,חצבני,,
NS00001971,2022-08-29 12:58:10,E.coli MUG,1450,חצבני גשר רומי,חצבני,,
NS00001971,2022-08-29 12:58:10,קוליפורם צואתי,1450,חצבני גשר רומי,חצבני,,
NS00001971,2022-09-05 14:26:19,E.coli MUG,1400,חצבני גשר רומי,חצבני,,
NS00001971,2022-09-05 14:26:19,קוליפורם צואתי,1400,חצבני גשר רומי,חצבני,,
NS00001971,2022-09-19 12:22:11,E.coli MUG,200,חצבני גשר רומי,חצבני,,
NS00001971,2022-09-19 12:22:11,קוליפורם צואתי,660,חצבני גשר רומי,חצבני,,
NS00001971,2022-10-02 13:26:47,E.coli MUG,180,חצבני גשר רומי,חצבני,,
NS00001971,2022-10-02 13:26:47,קוליפורם צואתי,500,חצבני גשר רומי,חצבני,,
NS00001971,2022-10-18 13:05:27,E.coli MUG,900,חצבני גשר רומי,חצבני,,
NS00001971,2022-10-18 13:05:27,קוליפורם צואתי,900,חצבני גשר רומי,חצבני,,
NS00001971,2022-10-24 00:00:00,E.coli MUG,140,חצבני גשר רומי,חצבני,,
NS00001971,2022-10-24 00:00:00,קוליפורם צואתי,210,חצבני גשר רומי,חצבני,,
NS00001971,2022-10-30 14:27:18,E.coli MUG,20,חצבני גשר רומי,חצבני,,
NS00001971,2022-10-30 14:27:18,קוליפורם צואתי,680,חצבני גשר רומי,חצבני,,
NS00001971,2022-11-21 15:48:05,E.coli MUG,220,חצבני גשר רומי,חצבני,,
NS00001971,2022-11-21 15:48:05,קוליפורם צואתי,230,חצבני גשר רומי,חצבני,,
NS00001971,2022-12-18 13:53:50,E.coli MUG,150,חצבני גשר רומי,חצבני,,
NS00001971,2022-12-18 13:53:50,קוליפורם צואתי,340,חצבני גשר רומי,חצבני,,
NS00001972,2022-03-29 13:56:09,E.coli MUG,1300,חצבאני אחרי תחנה הידרואלקטרית,חצבני,,
NS00001972,2022-03-29 13:56:09,קוליפורם צואתי,1520,חצבאני אחרי תחנה הידרואלקטרית,חצבני,,
NS00001972,2022-04-11 14:46:04,E.coli MUG,680,חצבאני אחרי תחנה הידרואלקטרית,חצבני,,
NS00001972,2022-04-11 14:46:04,קוליפורם צואתי,680,חצבאני אחרי תחנה הידרואלקטרית,חצבני,,
NS00001972,2022-04-25 00:00:00,E.coli MUG,1800,חצבאני אחרי תחנה הידרואלקטרית,חצבני,,
NS00001972,2022-04-25 00:00:00,קוליפורם צואתי,1800,חצבאני אחרי תחנה הידרואלקטרית,חצבני,,
NS00001972,2022-05-10 14:35:55,E.coli MUG,600,חצבאני אחרי תחנה הידרואלקטרית,חצבני,,
NS00001972,2022-05-10 14:35:55,קוליפורם צואתי,600,חצבאני אחרי תחנה הידרואלקטרית,חצבני,,
NS00001972,2022-05-23 13:28:03,E.coli MUG,320,חצבאני אחרי תחנה הידרואלקטרית,חצבני,,
NS00001972,2022-05-23 13:28:03,קוליפורם צואתי,320,חצבאני אחרי תחנה הידרואלקטרית,חצבני,,
NS00001972,2022-06-07 13:27:27,E.coli MUG,410,חצבאני אחרי תחנה הידרואלקטרית,חצבני,,
NS00001972,2022-06-07 13:27:27,קוליפורם צואתי,410,חצבאני אחרי תחנה הידרואלקטרית,חצבני,,
NS00001972,2022-06-20 00:00:00,E.coli MUG,600,חצבאני אחרי תחנה הידרואלקטרית,חצבני,,
NS00001972,2022-06-20 00:00:00,קוליפורם צואתי,600,חצבאני אחרי תחנה הידרואלקטרית,חצבני,,
NS00001972,2022-07-04 12:51:00,E.coli MUG,500,חצבאני אחרי תחנה הידרואלקטרית,חצבני,,
NS00001972,2022-07-04 12:51:00,קוליפורם צואתי,1080,חצבאני אחרי תחנה הידרואלקטרית,חצבני,,
NS00001972,2022-07-18 13:40:43,E.coli MUG,800,חצבאני אחרי תחנה הידרואלקטרית,חצבני,,
NS00001972,2022-07-18 13:40:43,קוליפורם צואתי,800,חצבאני אחרי תחנה הידרואלקטרית,חצבני,,
NS00001972,2022-08-01 13:00:13,E.coli MUG,580,חצבאני אחרי תחנה הידרואלקטרית,חצבני,,
NS00001972,2022-08-01 13:00:13,קוליפורם צואתי,580,חצבאני אחרי תחנה הידרואלקטרית,חצבני,,
NS00001972,2022-08-15 17:37:25,E.coli MUG,360,חצבאני אחרי תחנה הידרואלקטרית,חצבני,,
NS00001972,2022-08-15 17:37:25,קוליפורם צואתי,600,חצבאני אחרי תחנה הידרואלקטרית,חצבני,,
NS00001972,2022-08-29 12:58:10,E.coli MUG,800,חצבאני אחרי תחנה הידרואלקטרית,חצבני,,
NS00001972,2022-08-29 12:58:10,קוליפורם צואתי,820,חצבאני אחרי תחנה הידרואלקטרית,חצבני,,
NS00001972,2022-09-05 14:26:19,E.coli MUG,1250,חצבאני אחרי תחנה הידרואלקטרית,חצבני,,
NS00001972,2022-09-05 14:26:19,קוליפורם צואתי,1250,חצבאני אחרי תחנה הידרואלקטרית,חצבני,,
NS00001972,2022-09-19 12:22:11,E.coli MUG,400,חצבאני אחרי תחנה הידרואלקטרית,חצבני,,
NS00001972,2022-09-19 12:22:11,קוליפורם צואתי,930,חצבאני אחרי תחנה הידרואלקטרית,חצבני,,
NS00001972,2022-10-02 13:26:47,E.coli MUG,460,חצבאני אחרי תחנה הידרואלקטרית,חצבני,,
NS00001972,2022-10-02 13:26:47,קוליפורם צואתי,1320,חצבאני אחרי תחנה הידרואלקטרית,חצבני,,
NS00001972,2022-10-18 13:05:27,E.coli MUG,1340,חצבאני אחרי תחנה הידרואלקטרית,חצבני,,
NS00001972,2022-10-18 13:05:27,קוליפורם צואתי,1340,חצבאני אחרי תחנה הידרואלקטרית,חצבני,,
NS00001972,2022-10-24 00:00:00,E.coli MUG,2100,חצבאני אחרי תחנה הידרואלקטרית,חצבני,,
NS00001972,2022-10-24 00:00:00,קוליפורם צואתי,2100,חצבאני אחרי תחנה הידרואלקטרית,חצבני,,
NS00001972,2022-10-30 14:27:18,E.coli MUG,230,חצבאני אחרי תחנה הידרואלקטרית,חצבני,,
NS00001972,2022-10-30 14:27:18,קוליפורם צואתי,440,חצבאני אחרי תחנה הידרואלקטרית,חצבני,,
NS00001972,2022-11-06 14:50:52,E.coli MUG,500,חצבאני אחרי תחנה הידרואלקטרית,חצבני,,
NS00001972,2022-11-06 14:50:52,סטרפטוקוק/אנטרוקוק ממוצא צואתי,430,חצבאני אחרי תחנה הידרואלקטרית,חצבני,,
NS00001972,2022-11-06 14:50:52,קוליפורם צואתי,800,חצבאני אחרי תחנה הידרואלקטרית,חצבני,,
NS00001972,2022-11-21 15:48:05,E.coli MUG,300,חצבאני אחרי תחנה הידרואלקטרית,חצבני,,
NS00001972,2022-11-21 15:48:05,קוליפורם צואתי,380,חצבאני אחרי תחנה הידרואלקטרית,חצבני,,
NS00001972,2022-12-18 13:53:50,E.coli MUG,170,חצבאני אחרי תחנה הידרואלקטרית,חצבני,,
NS00001972,2022-12-18 13:53:50,קוליפורם צואתי,340,חצבאני אחרי תחנה הידרואלקטרית,חצבני,,
NS00001974,2022-04-11 14:46:04,E.coli MUG,520,נחל עיון חניון יוקי,חצבני,,
NS00001974,2022-04-11 14:46:04,קוליפורם צואתי,520,נחל עיון חניון יוקי,חצבני,,
NS00000709,2022-03-29 13:56:09,E.coli MUG,700,ירדן גשר חורי,ירדן,,
NS00000709,2022-03-29 13:56:09,קוליפורם צואתי,760,ירדן גשר חורי,ירדן,,
NS00000709,2022-04-11 14:46:04,E.coli MUG,410,ירדן גשר חורי,ירדן,,
NS00000709,2022-04-11 14:46:04,קוליפורם צואתי,410,ירדן גשר חורי,ירדן,,
NS00000709,2022-04-25 00:00:00,E.coli MUG,350,ירדן גשר חורי,ירדן,,
NS00000709,2022-04-25 00:00:00,קוליפורם צואתי,700,ירדן גשר חורי,ירדן,,
NS00000709,2022-05-10 14:35:55,E.coli MUG,360,ירדן גשר חורי,ירדן,,
NS00000709,2022-05-10 14:35:55,קוליפורם צואתי,360,ירדן גשר חורי,ירדן,,
NS00000709,2022-05-23 13:28:03,E.coli MUG,330,ירדן גשר חורי,ירדן,,
NS00000709,2022-05-23 13:28:03,קוליפורם צואתי,330,ירדן גשר חורי,ירדן,,
NS00000709,2022-06-07 13:27:27,E.coli MUG,360,ירדן גשר חורי,ירדן,,
NS00000709,2022-06-07 13:27:27,קוליפורם צואתי,360,ירדן גשר חורי,ירדן,,
NS00000709,2022-06-20 00:00:00,E.coli MUG,1200,ירדן גשר חורי,ירדן,,
NS00000709,2022-06-20 00:00:00,קוליפורם צואתי,1200,ירדן גשר חורי,ירדן,,
NS00000709,2022-07-04 12:51:00,E.coli MUG,280,ירדן גשר חורי,ירדן,,
NS00000709,2022-07-04 12:51:00,קוליפורם צואתי,400,ירדן גשר חורי,ירדן,,
NS00000709,2022-07-18 13:40:43,E.coli MUG,750,ירדן גשר חורי,ירדן,,
NS00000709,2022-07-18 13:40:43,קוליפורם צואתי,750,ירדן גשר חורי,ירדן,,
NS00000709,2022-08-01 13:00:13,E.coli MUG,1000,ירדן גשר חורי,ירדן,,
NS00000709,2022-08-01 13:00:13,קוליפורם צואתי,1000,ירדן גשר חורי,ירדן,,
NS00000709,2022-08-15 17:37:25,E.coli MUG,900,ירדן גשר חורי,ירדן,,
NS00000709,2022-08-15 17:37:25,קוליפורם צואתי,900,ירדן גשר חורי,ירדן,,
NS00000709,2022-08-29 12:58:10,E.coli MUG,1450,ירדן גשר חורי,ירדן,,
NS00000709,2022-08-29 12:58:10,קוליפורם צואתי,1450,ירדן גשר חורי,ירדן,,
NS00000709,2022-09-05 14:26:19,E.coli MUG,1400,ירדן גשר חורי,ירדן,,
NS00000709,2022-09-05 14:26:19,קוליפורם צואתי,1400,ירדן גשר חורי,ירדן,,
NS00000709,2022-09-19 12:22:11,E.coli MUG,350,ירדן גשר חורי,ירדן,,
NS00000709,2022-09-19 12:22:11,קוליפורם צואתי,1000,ירדן גשר חורי,ירדן,,
NS00000709,2022-10-02 13:26:47,E.coli MUG,2000,ירדן גשר חורי,ירדן,,
NS00000709,2022-10-02 13:26:47,קוליפורם צואתי,2200,ירדן גשר חורי,ירדן,,
NS00000709,2022-10-18 13:03:20,E.coli MUG,630,ירדן גשר חורי,ירדן,,
NS00000709,2022-10-18 13:03:20,קוליפורם צואתי,630,ירדן גשר חורי,ירדן,,
NS00000709,2022-10-30 14:27:18,E.coli MUG,פלטה מכוסה,ירדן גשר חורי,ירדן,,
NS00000709,2022-10-30 14:27:18,קוליפורם צואתי,פלטה מכוסה,ירדן גשר חורי,ירדן,,
NS00000709,2022-11-02 12:21:31,E.coli MUG,1200,ירדן גשר חורי,ירדן,,
NS00000709,2022-11-02 12:21:31,קוליפורם צואתי,1200,ירדן גשר חורי,ירדן,,
NS00000709,2022-11-21 15:48:05,E.coli MUG,330,ירדן גשר חורי,ירדן,,
NS00000709,2022-11-21 15:48:05,קוליפורם צואתי,550,ירדן גשר חורי,ירדן,,
NS00000709,2022-12-18 13:53:50,E.coli MUG,550,ירדן גשר חורי,ירדן,,
NS00000709,2022-12-18 13:53:50,קוליפורם צואתי,550,ירדן גשר חורי,ירדן,,
NS00000710,2022-03-29 13:56:09,E.coli MUG,630,ירדן מיצד עטרת,ירדן,,
NS00000710,2022-03-29 13:56:09,קוליפורם צואתי,900,ירדן מיצד עטרת,ירדן,,
NS00000710,2022-04-11 14:46:04,E.coli MUG,440,ירדן מיצד עטרת,ירדן,,
NS00000710,2022-04-11 14:46:04,קוליפורם צואתי,440,ירדן מיצד עטרת,ירדן,,
NS00000710,2022-04-25 00:00:00,E.coli MUG,480,ירדן מיצד עטרת,ירדן,,
NS00000710,2022-04-25 00:00:00,קוליפורם צואתי,480,ירדן מיצד עטרת,ירדן,,
NS00000710,2022-05-10 14:35:55,E.coli MUG,360,ירדן מיצד עטרת,ירדן,,
NS00000710,2022-05-10 14:35:55,קוליפורם צואתי,360,ירדן מיצד עטרת,ירדן,,
NS00000710,2022-05-23 13:28:03,E.coli MUG,380,ירדן מיצד עטרת,ירדן,,
NS00000710,2022-05-23 13:28:03,קוליפורם צואתי,380,ירדן מיצד עטרת,ירדן,,
NS00000710,2022-06-07 13:27:27,E.coli MUG,410,ירדן מיצד עטרת,ירדן,,
NS00000710,2022-06-07 13:27:27,קוליפורם צואתי,410,ירדן מיצד עטרת,ירדן,,
NS00000710,2022-06-20 00:00:00,E.coli MUG,1300,ירדן מיצד עטרת,ירדן,,
NS00000710,2022-06-20 00:00:00,קוליפורם צואתי,1300,ירדן מיצד עטרת,ירדן,,
NS00000710,2022-07-04 12:51:00,E.coli MUG,280,ירדן מיצד עטרת,ירדן,,
NS00000710,2022-07-04 12:51:00,קוליפורם צואתי,540,ירדן מיצד עטרת,ירדן,,
NS00000710,2022-07-18 13:40:43,E.coli MUG,680,ירדן מיצד עטרת,ירדן,,
NS00000710,2022-07-18 13:40:43,קוליפורם צואתי,680,ירדן מיצד עטרת,ירדן,,
NS00000710,2022-08-01 13:00:13,E.coli MUG,1150,ירדן מיצד עטרת,ירדן,,
NS00000710,2022-08-01 13:00:13,קוליפורם צואתי,1150,ירדן מיצד עטרת,ירדן,,
NS00000710,2022-08-15 17:37:25,E.coli MUG,1200,ירדן מיצד עטרת,ירדן,,
NS00000710,2022-08-15 17:37:25,קוליפורם צואתי,1200,ירדן מיצד עטרת,ירדן,,
NS00000710,2022-08-29 12:58:10,E.coli MUG,1000,ירדן מיצד עטרת,ירדן,,
NS00000710,2022-08-29 12:58:10,קוליפורם צואתי,1800,ירדן מיצד עטרת,ירדן,,
NS00000710,2022-09-19 12:22:11,E.coli MUG,450,ירדן מיצד עטרת,ירדן,,
NS00000710,2022-09-19 12:22:11,קוליפורם צואתי,1150,ירדן מיצד עטרת,ירדן,,
NS00000710,2022-10-02 13:26:47,E.coli MUG,1800,ירדן מיצד עטרת,ירדן,,
NS00000710,2022-10-02 13:26:47,קוליפורם צואתי,1800,ירדן מיצד עטרת,ירדן,,
NS00000710,2022-10-18 13:03:20,E.coli MUG,1200,ירדן מיצד עטרת,ירדן,,
NS00000710,2022-10-18 13:03:20,קוליפורם צואתי,1200,ירדן מיצד עטרת,ירדן,,
NS00000710,2022-10-30 14:27:18,E.coli MUG,6000,ירדן מיצד עטרת,ירדן,,
NS00000710,2022-10-30 14:27:18,קוליפורם צואתי,6000,ירדן מיצד עטרת,ירדן,,
NS00000710,2022-11-02 12:21:31,E.coli MUG,800,ירדן מיצד עטרת,ירדן,,
NS00000710,2022-11-02 12:21:31,קוליפורם צואתי,800,ירדן מיצד עטרת,ירדן,,
NS00000710,2022-11-21 15:48:05,E.coli MUG,560,ירדן מיצד עטרת,ירדן,,
NS00000710,2022-11-21 15:48:05,קוליפורם צואתי,710,ירדן מיצד עטרת,ירדן,,
NS00000710,2022-12-18 13:53:50,E.coli MUG,530,ירדן מיצד עטרת,ירדן,,
NS00000710,2022-12-18 13:53:50,קוליפורם צואתי,530,ירדן מיצד עטרת,ירדן,,
NS00001867,2022-03-29 13:56:09,E.coli MUG,910,ירדן גשר החמישה,ירדן,,
NS00001867,2022-03-29 13:56:09,קוליפורם צואתי,970,ירדן גשר החמישה,ירדן,,
NS00001867,2022-04-11 14:46:04,E.coli MUG,470,ירדן גשר החמישה,ירדן,,
NS00001867,2022-04-11 14:46:04,קוליפורם צואתי,470,ירדן גשר החמישה,ירדן,,
NS00001867,2022-04-25 00:00:00,E.coli MUG,200,ירדן גשר החמישה,ירדן,,
NS00001867,2022-04-25 00:00:00,קוליפורם צואתי,280,ירדן גשר החמישה,ירדן,,
NS00001867,2022-05-10 14:35:55,E.coli MUG,280,ירדן גשר החמישה,ירדן,,
NS00001867,2022-05-10 14:35:55,קוליפורם צואתי,280,ירדן גשר החמישה,ירדן,,
NS00001867,2022-05-23 13:28:03,E.coli MUG,420,ירדן גשר החמישה,ירדן,,
NS00001867,2022-05-23 13:28:03,קוליפורם צואתי,420,ירדן גשר החמישה,ירדן,,
NS00001867,2022-06-07 13:27:27,E.coli MUG,280,ירדן גשר החמישה,ירדן,,
NS00001867,2022-06-07 13:27:27,קוליפורם צואתי,280,ירדן גשר החמישה,ירדן,,
NS00001867,2022-06-20 00:00:00,E.coli MUG,700,ירדן גשר החמישה,ירדן,,
NS00001867,2022-06-20 00:00:00,קוליפורם צואתי,700,ירדן גשר החמישה,ירדן,,
NS00001867,2022-07-04 12:51:00,E.coli MUG,330,ירדן גשר החמישה,ירדן,,
NS00001867,2022-07-04 12:51:00,קוליפורם צואתי,520,ירדן גשר החמישה,ירדן,,
NS00001867,2022-07-18 13:40:43,E.coli MUG,640,ירדן גשר החמישה,ירדן,,
NS00001867,2022-07-18 13:40:43,קוליפורם צואתי,640,ירדן גשר החמישה,ירדן,,
NS00001867,2022-08-01 13:00:13,E.coli MUG,1250,ירדן גשר החמישה,ירדן,,
NS00001867,2022-08-01 13:00:13,קוליפורם צואתי,1250,ירדן גשר החמישה,ירדן,,
NS00001867,2022-08-15 17:37:25,E.coli MUG,1150,ירדן גשר החמישה,ירדן,,
NS00001867,2022-08-15 17:37:25,קוליפורם צואתי,1150,ירדן גשר החמישה,ירדן,,
NS00001867,2022-08-29 12:58:10,E.coli MUG,1500,ירדן גשר החמישה,ירדן,,
NS00001867,2022-08-29 12:58:10,קוליפורם צואתי,1550,ירדן גשר החמישה,ירדן,,
NS00001867,2022-09-05 14:26:19,E.coli MUG,1640,ירדן גשר החמישה,ירדן,,
NS00001867,2022-09-05 14:26:19,קוליפורם צואתי,1640,ירדן גשר החמישה,ירדן,,
NS00001867,2022-09-19 12:22:11,E.coli MUG,400,ירדן גשר החמישה,ירדן,,
NS00001867,2022-09-19 12:22:11,קוליפורם צואתי,1160,ירדן גשר החמישה,ירדן,,
NS00001867,2022-10-02 13:26:47,E.coli MUG,2500,ירדן גשר החמישה,ירדן,,
NS00001867,2022-10-02 13:26:47,קוליפורם צואתי,2960,ירדן גשר החמישה,ירדן,,
NS00001867,2022-10-18 13:03:20,E.coli MUG,1000,ירדן גשר החמישה,ירדן,,
NS00001867,2022-10-18 13:03:20,קוליפורם צואתי,1000,ירדן גשר החמישה,ירדן,,
NS00001867,2022-10-30 14:27:18,E.coli MUG,פלטה מכוסה,ירדן גשר החמישה,ירדן,,
NS00001867,2022-10-30 14:27:18,קוליפורם צואתי,פלטה מכוסה,ירדן גשר החמישה,ירדן,,
NS00001867,2022-11-02 12:21:31,E.coli MUG,670,ירדן גשר החמישה,ירדן,,
NS00001867,2022-11-02 12:21:31,קוליפורם צואתי,670,ירדן גשר החמישה,ירדן,,
NS00001867,2022-11-21 15:48:05,E.coli MUG,800,ירדן גשר החמישה,ירדן,,
NS00001867,2022-11-21 15:48:05,קוליפורם צואתי,800,ירדן גשר החמישה,ירדן,,
NS00001867,2022-12-18 13:53:50,E.coli MUG,500,ירדן גשר החמישה,ירדן,,
NS00001867,2022-12-18 13:53:50,קוליפורם צואתי,500,ירדן גשר החמישה,ירדן,,
NS00001868,2022-03-29 13:56:09,E.coli MUG,840,ירדן גשר יוסף,ירדן,,
NS00001868,2022-03-29 13:56:09,קוליפורם צואתי,840,ירדן גשר יוסף,ירדן,,
NS00001868,2022-04-11 14:46:04,E.coli MUG,500,ירדן גשר יוסף,ירדן,,
NS00001868,2022-04-11 14:46:04,קוליפורם צואתי,500,ירדן גשר יוסף,ירדן,,
NS00001868,2022-04-25 00:00:00,E.coli MUG,150,ירדן גשר יוסף,ירדן,,
NS00001868,2022-04-25 00:00:00,קוליפורם צואתי,370,ירדן גשר יוסף,ירדן,,
NS00001868,2022-05-10 14:35:55,E.coli MUG,240,ירדן גשר יוסף,ירדן,,
NS00001868,2022-05-10 14:35:55,קוליפורם צואתי,240,ירדן גשר יוסף,ירדן,,
NS00001868,2022-05-23 13:28:03,E.coli MUG,260,ירדן גשר יוסף,ירדן,,
NS00001868,2022-05-23 13:28:03,קוליפורם צואתי,260,ירדן גשר יוסף,ירדן,,
NS00001868,2022-06-07 13:27:27,E.coli MUG,340,ירדן גשר יוסף,ירדן,,
NS00001868,2022-06-07 13:27:27,קוליפורם צואתי,340,ירדן גשר יוסף,ירדן,,
NS00001868,2022-06-20 00:00:00,E.coli MUG,1000,ירדן גשר יוסף,ירדן,,
NS00001868,2022-06-20 00:00:00,קוליפורם צואתי,1000,ירדן גשר יוסף,ירדן,,
NS00001868,2022-07-04 12:51:00,E.coli MUG,290,ירדן גשר יוסף,ירדן,,
NS00001868,2022-07-04 12:51:00,קוליפורם צואתי,490,ירדן גשר יוסף,ירדן,,
NS00001868,2022-07-18 13:40:43,E.coli MUG,490,ירדן גשר יוסף,ירדן,,
NS00001868,2022-07-18 13:40:43,קוליפורם צואתי,490,ירדן גשר יוסף,ירדן,,
NS00001868,2022-08-01 13:00:13,E.coli MUG,700,ירדן גשר יוסף,ירדן,,
NS00001868,2022-08-01 13:00:13,קוליפורם צואתי,700,ירדן גשר יוסף,ירדן,,
NS00001868,2022-08-15 17:37:25,E.coli MUG,900,ירדן גשר יוסף,ירדן,,
NS00001868,2022-08-15 17:37:25,קוליפורם צואתי,900,ירדן גשר יוסף,ירדן,,
NS00001868,2022-08-29 12:58:10,E.coli MUG,1200,ירדן גשר יוסף,ירדן,,
NS00001868,2022-08-29 12:58:10,קוליפורם צואתי,1400,ירדן גשר יוסף,ירדן,,
NS00001868,2022-09-05 14:26:19,E.coli MUG,1350,ירדן גשר יוסף,ירדן,,
NS00001868,2022-09-05 14:26:19,קוליפורם צואתי,1350,ירדן גשר יוסף,ירדן,,
NS00001868,2022-09-19 12:22:11,E.coli MUG,450,ירדן גשר יוסף,ירדן,,
NS00001868,2022-09-19 12:22:11,קוליפורם צואתי,1160,ירדן גשר יוסף,ירדן,,
NS00001868,2022-10-02 13:26:47,E.coli MUG,2500,ירדן גשר יוסף,ירדן,,
NS00001868,2022-10-02 13:26:47,קוליפורם צואתי,2520,ירדן גשר יוסף,ירדן,,
NS00001868,2022-10-18 13:03:20,E.coli MUG,2000,ירדן גשר יוסף,ירדן,,
NS00001868,2022-10-18 13:03:20,קוליפורם צואתי,2000,ירדן גשר יוסף,ירדן,,
NS00001868,2022-10-30 14:27:18,E.coli MUG,3000,ירדן גשר יוסף,ירדן,,
NS00001868,2022-10-30 14:27:18,קוליפורם צואתי,3000,ירדן גשר יוסף,ירדן,,
NS00001868,2022-11-02 12:21:31,E.coli MUG,940,ירדן גשר יוסף,ירדן,,
NS00001868,2022-11-02 12:21:31,קוליפורם צואתי,940,ירדן גשר יוסף,ירדן,,
NS00001868,2022-11-21 15:48:05,E.coli MUG,2520,ירדן גשר יוסף,ירדן,,
NS00001868,2022-11-21 15:48:05,קוליפורם צואתי,2520,ירדן גשר יוסף,ירדן,,
NS00001868,2022-12-18 13:53:50,E.coli MUG,800,ירדן גשר יוסף,ירדן,,
NS00001868,2022-12-18 13:53:50,קוליפורם צואתי,800,ירדן גשר יוסף,ירדן,,
NS00001973,2022-12-11 14:11:20,E.coli MUG,30,נחל עיון כניסה מלבנון,עיון,,
NS00001973,2022-12-11 14:11:20,סטרפטוקוק/אנטרוקוק ממוצא צואתי,50,נחל עיון כניסה מלבנון,עיון,,
NS00001973,2022-12-11 14:11:20,קוליפורם צואתי,60,נחל עיון כניסה מלבנון,עיון,,
NS00001973,2022-12-18 13:53:50,E.coli MUG,80,נחל עיון כניסה מלבנון,עיון,,
NS00001973,2022-12-18 13:53:50,סטרפטוקוק/אנטרוקוק ממוצא צואתי,70,נחל עיון כניסה מלבנון,עיון,,
NS00001973,2022-12-18 13:53:50,קוליפורם צואתי,220,נחל עיון כניסה מלבנון,עיון,,
NS00001973,2022-12-25 12:14:19,E.coli MUG,300,נחל עיון כניסה מלבנון,עיון,,
NS00001973,2022-12-25 12:14:19,סטרפטוקוק/אנטרוקוק ממוצא צואתי,250,נחל עיון כניסה מלבנון,עיון,,
NS00001973,2022-12-25 12:14:19,קוליפורם צואתי,340,נחל עיון כניסה מלבנון,עיון,,
NS00002029,2022-10-24 08:56:37,E.coli MUG,130,ראס אל נבע,סקר ,,
NS00002029,2022-10-24 08:56:37,קוליפורם צואתי,200,ראס אל נבע,סקר ,,
NS00002029,2022-11-06 14:50:52,E.coli MUG,40,ראס אל נבע,סקר ,,
NS00002029,2022-11-06 14:50:52,סטרפטוקוק/אנטרוקוק ממוצא צואתי,50,ראס אל נבע,סקר ,,
NS00002029,2022-11-06 14:50:52,קוליפורם צואתי,90,ראס אל נבע,סקר ,,
NS00002029,2022-11-21 15:48:05,E.coli MUG,100,ראס אל נבע,סקר ,,
NS00002029,2022-11-21 15:48:05,סטרפטוקוק/אנטרוקוק ממוצא צואתי,<1,ראס אל נבע,סקר ,,
NS00002029,2022-11-21 15:48:05,קוליפורם צואתי,140,ראס אל נבע,סקר ,,
NS00002029,2022-11-28 14:02:32,E.coli MUG,40,ראס אל נבע,סקר ,,
NS00002029,2022-11-28 14:02:32,סטרפטוקוק/אנטרוקוק ממוצא צואתי,<2,ראס אל נבע,סקר ,,
NS00002029,2022-11-28 14:02:32,קוליפורם צואתי,40,ראס אל נבע,סקר ,,
NS00002029,2022-12-05 08:48:53,E.coli MUG,8000,ראס אל נבע,סקר ,,
NS00002029,2022-12-05 08:48:53,סטרפטוקוק/אנטרוקוק ממוצא צואתי,300,ראס אל נבע,סקר ,,
NS00002029,2022-12-05 08:48:53,קוליפורם צואתי,8000,ראס אל נבע,סקר ,,
NS00002029,2022-12-11 14:11:20,E.coli MUG,300,ראס אל נבע,סקר ,,
NS00002029,2022-12-11 14:11:20,סטרפטוקוק/אנטרוקוק ממוצא צואתי,30,ראס אל נבע,סקר ,,
NS00002029,2022-12-11 14:11:20,קוליפורם צואתי,350,ראס אל נבע,סקר ,,
NS00002029,2022-12-18 13:53:50,E.coli MUG,110,ראס אל נבע,סקר ,,
NS00002029,2022-12-18 13:53:50,סטרפטוקוק/אנטרוקוק ממוצא צואתי,2,ראס אל נבע,סקר ,,
NS00002029,2022-12-18 13:53:50,קוליפורם צואתי,150,ראס אל נבע,סקר ,,
NS00002029,2022-12-25 12:14:19,E.coli MUG,400,ראס אל נבע,סקר ,,
NS00002029,2022-12-25 12:14:19,סטרפטוקוק/אנטרוקוק ממוצא צואתי,70,ראס אל נבע,סקר ,,
NS00002029,2022-12-25 12:14:19,קוליפורם צואתי,440,ראס אל נבע,סקר ,,
NS00002030,2022-10-24 00:00:00,E.coli MUG,2500,נחל סער בקעת יעפורי,סקר ,,
NS00002030,2022-10-24 00:00:00,קוליפורם צואתי,2500,נחל סער בקעת יעפורי,סקר ,,
NS00002030,2022-11-06 14:50:52,E.coli MUG,500,נחל סער בקעת יעפורי,סקר ,,
NS00002030,2022-11-06 14:50:52,סטרפטוקוק/אנטרוקוק ממוצא צואתי,1600,נחל סער בקעת יעפורי,סקר ,,
NS00002030,2022-11-06 14:50:52,קוליפורם צואתי,600,נחל סער בקעת יעפורי,סקר ,,
NS00002030,2022-11-21 15:48:05,E.coli MUG,300,נחל סער בקעת יעפורי,סקר ,,
NS00002030,2022-11-21 15:48:05,סטרפטוקוק/אנטרוקוק ממוצא צואתי,200,נחל סער בקעת יעפורי,סקר ,,
NS00002030,2022-11-21 15:48:05,קוליפורם צואתי,730,נחל סער בקעת יעפורי,סקר ,,
NS00002030,2022-11-28 14:02:32,E.coli MUG,950,נחל סער בקעת יעפורי,סקר ,,
NS00002030,2022-11-28 14:02:32,סטרפטוקוק/אנטרוקוק ממוצא צואתי,1300,נחל סער בקעת יעפורי,סקר ,,
NS00002030,2022-11-28 14:02:32,קוליפורם צואתי,1200,נחל סער בקעת יעפורי,סקר ,,
NS00002030,2022-12-05 00:00:00,E.coli MUG,3200,נחל סער בקעת יעפורי,סקר ,,
NS00002030,2022-12-05 00:00:00,סטרפטוקוק/אנטרוקוק ממוצא צואתי,200,נחל סער בקעת יעפורי,סקר ,,
NS00002030,2022-12-05 00:00:00,קוליפורם צואתי,3200,נחל סער בקעת יעפורי,סקר ,,
NS00002030,2022-12-11 14:11:20,E.coli MUG,600,נחל סער בקעת יעפורי,סקר ,,
NS00002030,2022-12-11 14:11:20,סטרפטוקוק/אנטרוקוק ממוצא צואתי,300,נחל סער בקעת יעפורי,סקר ,,
NS00002030,2022-12-11 14:11:20,קוליפורם צואתי,670,נחל סער בקעת יעפורי,סקר ,,
NS00002030,2022-12-18 13:53:50,E.coli MUG,100,נחל סער בקעת יעפורי,סקר ,,
NS00002030,2022-12-18 13:53:50,סטרפטוקוק/אנטרוקוק ממוצא צואתי,10,נחל סער בקעת יעפורי,סקר ,,
NS00002030,2022-12-18 13:53:50,קוליפורם צואתי,250,נחל סער בקעת יעפורי,סקר ,,
NS00002030,2022-12-25 12:14:19,E.coli MUG,500,נחל סער בקעת יעפורי,סקר ,,
NS00002030,2022-12-25 12:14:19,סטרפטוקוק/אנטרוקוק ממוצא צואתי,200,נחל סער בקעת יעפורי,סקר ,,
NS00002030,2022-12-25 12:14:19,קוליפורם צואתי,550,נחל סער בקעת יעפורי,סקר ,,
NS00002031,2022-10-24 00:00:00,קוליפורם צואתי,<1,עין תופחה לפני איגום,סקר ,,
NS00002031,2022-11-06 14:50:52,סטרפטוקוק/אנטרוקוק ממוצא צואתי,10,עין תופחה לפני איגום,סקר ,,
NS00002031,2022-11-06 14:50:52,קוליפורם צואתי,<2,עין תופחה לפני איגום,סקר ,,
NS00002031,2022-11-21 15:48:05,E.coli MUG,<1,עין תופחה לפני איגום,סקר ,,
NS00002031,2022-11-21 15:48:05,סטרפטוקוק/אנטרוקוק ממוצא צואתי,<1,עין תופחה לפני איגום,סקר ,,
NS00002031,2022-11-21 15:48:05,קוליפורם צואתי,<2,עין תופחה לפני איגום,סקר ,,
NS00002031,2022-12-05 08:41:40,סטרפטוקוק/אנטרוקוק ממוצא צואתי,10,עין תופחה לפני איגום,סקר ,,
NS00002031,2022-12-05 08:41:40,קוליפורם צואתי,<2,עין תופחה לפני איגום,סקר ,,
NS00002031,2022-12-11 14:11:20,סטרפטוקוק/אנטרוקוק ממוצא צואתי,<2,עין תופחה לפני איגום,סקר ,,
NS00002031,2022-12-11 14:11:20,קוליפורם צואתי,<2,עין תופחה לפני איגום,סקר ,,
NS00002031,2022-12-18 13:53:50,E.coli MUG,<1,עין תופחה לפני איגום,סקר ,,
NS00002031,2022-12-18 13:53:50,סטרפטוקוק/אנטרוקוק ממוצא צואתי,<1,עין תופחה לפני איגום,סקר ,,
NS00002031,2022-12-18 13:53:50,קוליפורם צואתי,10,עין תופחה לפני איגום,סקר ,,
NS00002031,2022-12-25 12:14:19,E.coli MUG,<1,עין תופחה לפני איגום,סקר ,,
NS00002031,2022-12-25 12:14:19,סטרפטוקוק/אנטרוקוק ממוצא צואתי,<1,עין תופחה לפני איגום,סקר ,,
NS00002031,2022-12-25 12:14:19,קוליפורם צואתי,<1,עין תופחה לפני איגום,סקר ,,
NS00002032,2022-10-24 00:00:00,קוליפורם צואתי,<1,עין תופחה אחרי איגום,סקר ,,
NS00002032,2022-11-06 14:50:52,סטרפטוקוק/אנטרוקוק ממוצא צואתי,<2,עין תופחה אחרי איגום,סקר ,,
NS00002032,2022-11-06 14:50:52,קוליפורם צואתי,<2,עין תופחה אחרי איגום,סקר ,,
NS00001977,2022-03-29 13:56:09,E.coli MUG,1480,חצבאני שפך לירדן,חצבני,,
NS00001977,2022-03-29 13:56:09,קוליפורם צואתי,1480,חצבאני שפך לירדן,חצבני,,
NS00001977,2022-04-11 14:46:04,E.coli MUG,420,חצבאני שפך לירדן,חצבני,,
NS00001977,2022-04-11 14:46:04,קוליפורם צואתי,420,חצבאני שפך לירדן,חצבני,,
NS00001977,2022-04-25 00:00:00,E.coli MUG,840,חצבאני שפך לירדן,חצבני,,
NS00001977,2022-04-25 00:00:00,קוליפורם צואתי,840,חצבאני שפך לירדן,חצבני,,
NS00001977,2022-05-10 14:35:55,E.coli MUG,360,חצבאני שפך לירדן,חצבני,,
NS00001977,2022-05-10 14:35:55,קוליפורם צואתי,360,חצבאני שפך לירדן,חצבני,,
NS00001977,2022-05-23 13:28:03,E.coli MUG,210,חצבאני שפך לירדן,חצבני,,
NS00001977,2022-05-23 13:28:03,קוליפורם צואתי,210,חצבאני שפך לירדן,חצבני,,
NS00001977,2022-06-07 13:27:27,E.coli MUG,360,חצבאני שפך לירדן,חצבני,,
NS00001977,2022-06-07 13:27:27,קוליפורם צואתי,360,חצבאני שפך לירדן,חצבני,,
NS00001977,2022-06-20 00:00:00,E.coli MUG,800,חצבאני שפך לירדן,חצבני,,
NS00001977,2022-06-20 00:00:00,קוליפורם צואתי,800,חצבאני שפך לירדן,חצבני,,
NS00001977,2022-07-04 12:51:00,E.coli MUG,400,חצבאני שפך לירדן,חצבני,,
NS00001977,2022-07-04 12:51:00,קוליפורם צואתי,600,חצבאני שפך לירדן,חצבני,,
NS00001977,2022-07-18 13:40:43,E.coli MUG,690,חצבאני שפך לירדן,חצבני,,
NS00001977,2022-07-18 13:40:43,קוליפורם צואתי,690,חצבאני שפך לירדן,חצבני,,
NS00001977,2022-08-01 13:00:13,E.coli MUG,700,חצבאני שפך לירדן,חצבני,,
NS00001977,2022-08-01 13:00:13,קוליפורם צואתי,700,חצבאני שפך לירדן,חצבני,,
NS00001977,2022-08-15 17:37:25,E.coli MUG,1200,חצבאני שפך לירדן,חצבני,,
NS00001977,2022-08-15 17:37:25,קוליפורם צואתי,1200,חצבאני שפך לירדן,חצבני,,
NS00001977,2022-08-29 12:58:10,E.coli MUG,1300,חצבאני שפך לירדן,חצבני,,
NS00001977,2022-08-29 12:58:10,קוליפורם צואתי,1300,חצבאני שפך לירדן,חצבני,,
NS00001977,2022-09-05 14:26:19,E.coli MUG,1400,חצבאני שפך לירדן,חצבני,,
NS00001977,2022-09-05 14:26:19,קוליפורם צואתי,1400,חצבאני שפך לירדן,חצבני,,
NS00001977,2022-09-19 12:22:11,E.coli MUG,390,חצבאני שפך לירדן,חצבני,,
NS00001977,2022-09-19 12:22:11,קוליפורם צואתי,820,חצבאני שפך לירדן,חצבני,,
NS00001977,2022-10-02 13:26:47,E.coli MUG,2600,חצבאני שפך לירדן,חצבני,,
NS00001977,2022-10-02 13:26:47,קוליפורם צואתי,2600,חצבאני שפך לירדן,חצבני,,
NS00001977,2022-10-18 13:05:27,E.coli MUG,300,חצבאני שפך לירדן,חצבני,,
NS00001977,2022-10-18 13:05:27,קוליפורם צואתי,3000,חצבאני שפך לירדן,חצבני,,
NS00001977,2022-10-30 14:27:18,E.coli MUG,380,חצבאני שפך לירדן,חצבני,,
NS00001977,2022-10-30 14:27:18,קוליפורם צואתי,560,חצבאני שפך לירדן,חצבני,,
NS00001977,2022-11-21 15:48:05,E.coli MUG,4000,חצבאני שפך לירדן,חצבני,,
NS00001977,2022-11-21 15:48:05,קוליפורם צואתי,4000,חצבאני שפך לירדן,חצבני,,
NS00001977,2022-12-18 13:53:50,E.coli MUG,1520,חצבאני שפך לירדן,חצבני,,
NS00001977,2022-12-18 13:53:50,קוליפורם צואתי,1520,חצבאני שפך לירדן,חצבני,,
NS00001900,2022-03-29 13:56:09,E.coli MUG,390,ירדן גשר הדודות,ירדן,,
NS00001900,2022-03-29 13:56:09,קוליפורם צואתי,390,ירדן גשר הדודות,ירדן,,
NS00001900,2022-04-11 14:46:04,E.coli MUG,270,ירדן גשר הדודות,ירדן,,
NS00001900,2022-04-11 14:46:04,קוליפורם צואתי,270,ירדן גשר הדודות,ירדן,,
NS00001900,2022-04-25 00:00:00,E.coli MUG,500,ירדן גשר הדודות,ירדן,,
NS00001900,2022-04-25 00:00:00,קוליפורם צואתי,500,ירדן גשר הדודות,ירדן,,
NS00001900,2022-05-10 14:35:55,E.coli MUG,310,ירדן גשר הדודות,ירדן,,
NS00001900,2022-05-10 14:35:55,קוליפורם צואתי,310,ירדן גשר הדודות,ירדן,,
NS00001900,2022-05-23 13:28:03,E.coli MUG,240,ירדן גשר הדודות,ירדן,,
NS00001900,2022-05-23 13:28:03,קוליפורם צואתי,240,ירדן גשר הדודות,ירדן,,
NS00001900,2022-06-07 13:27:27,E.coli MUG,300,ירדן גשר הדודות,ירדן,,
NS00001900,2022-06-07 13:27:27,קוליפורם צואתי,30,ירדן גשר הדודות,ירדן,,
NS00001900,2022-06-20 00:00:00,E.coli MUG,470,ירדן גשר הדודות,ירדן,,
NS00001900,2022-06-20 00:00:00,קוליפורם צואתי,470,ירדן גשר הדודות,ירדן,,
NS00001900,2022-07-04 12:51:00,E.coli MUG,300,ירדן גשר הדודות,ירדן,,
NS00001900,2022-07-04 12:51:00,קוליפורם צואתי,420,ירדן גשר הדודות,ירדן,,
NS00001900,2022-07-18 13:40:43,E.coli MUG,550,ירדן גשר הדודות,ירדן,,
NS00001900,2022-07-18 13:40:43,קוליפורם צואתי,550,ירדן גשר הדודות,ירדן,,
NS00001900,2022-08-01 13:00:13,E.coli MUG,560,ירדן גשר הדודות,ירדן,,
NS00001900,2022-08-01 13:00:13,קוליפורם צואתי,560,ירדן גשר הדודות,ירדן,,
NS00001900,2022-08-15 17:37:25,E.coli MUG,600,ירדן גשר הדודות,ירדן,,
NS00001900,2022-08-15 17:37:25,קוליפורם צואתי,700,ירדן גשר הדודות,ירדן,,
NS00001900,2022-08-29 12:58:10,E.coli MUG,720,ירדן גשר הדודות,ירדן,,
NS00001900,2022-08-29 12:58:10,קוליפורם צואתי,740,ירדן גשר הדודות,ירדן,,
NS00001900,2022-09-05 14:26:19,E.coli MUG,720,ירדן גשר הדודות,ירדן,,
NS00001900,2022-09-05 14:26:19,קוליפורם צואתי,720,ירדן גשר הדודות,ירדן,,
NS00001900,2022-09-19 12:22:11,E.coli MUG,340,ירדן גשר הדודות,ירדן,,
NS00001900,2022-09-19 12:22:11,קוליפורם צואתי,700,ירדן גשר הדודות,ירדן,,
NS00001900,2022-10-02 13:26:47,E.coli MUG,280,ירדן גשר הדודות,ירדן,,
NS00001900,2022-10-02 13:26:47,קוליפורם צואתי,650,ירדן גשר הדודות,ירדן,,
NS00001900,2022-10-18 13:05:27,E.coli MUG,920,ירדן גשר הדודות,ירדן,,
NS00001900,2022-10-18 13:05:27,קוליפורם צואתי,920,ירדן גשר הדודות,ירדן,,
NS00001900,2022-10-30 14:27:18,E.coli MUG,1000,ירדן גשר הדודות,ירדן,,
NS00001900,2022-10-30 14:27:18,קוליפורם צואתי,1000,ירדן גשר הדודות,ירדן,,
NS00001900,2022-11-21 15:48:05,E.coli MUG,400,ירדן גשר הדודות,ירדן,,
NS00001900,2022-11-21 15:48:05,קוליפורם צואתי,440,ירדן גשר הדודות,ירדן,,
NS00001900,2022-12-18 13:53:50,E.coli MUG,270,ירדן גשר הדודות,ירדן,,
NS00001900,2022-12-18 13:53:50,קוליפורם צואתי,390,ירדן גשר הדודות,ירדן,,
NS00001827,2022-03-29 13:56:09,E.coli MUG,670,אל על מפל שחור,אל על,,
NS00001827,2022-03-29 13:56:09,קוליפורם צואתי,670,אל על מפל שחור,אל על,,
NS00001827,2022-04-11 14:46:04,E.coli MUG,620,אל על מפל שחור,אל על,,
NS00001827,2022-04-11 14:46:04,קוליפורם צואתי,620,אל על מפל שחור,אל על,,
NS00001827,2022-04-25 00:00:00,E.coli MUG,430,אל על מפל שחור,אל על,,
NS00001827,2022-04-25 00:00:00,קוליפורם צואתי,430,אל על מפל שחור,אל על,,
NS00001827,2022-05-10 14:35:55,E.coli MUG,520,אל על מפל שחור,אל על,,
NS00001827,2022-05-10 14:35:55,קוליפורם צואתי,520,אל על מפל שחור,אל על,,
NS00001827,2022-05-23 13:28:03,E.coli MUG,1700,אל על מפל שחור,אל על,,
NS00001827,2022-05-23 13:28:03,קוליפורם צואתי,1700,אל על מפל שחור,אל על,,
NS00001827,2022-06-07 13:27:27,E.coli MUG,470,אל על מפל שחור,אל על,,
NS00001827,2022-06-07 13:27:27,קוליפורם צואתי,470,אל על מפל שחור,אל על,,
NS00001827,2022-06-20 00:00:00,E.coli MUG,2500,אל על מפל שחור,אל על,,
NS00001827,2022-06-20 00:00:00,קוליפורם צואתי,2500,אל על מפל שחור,אל על,,
NS00001827,2022-07-04 12:51:00,E.coli MUG,5000,אל על מפל שחור,אל על,,
NS00001827,2022-07-04 12:51:00,קוליפורם צואתי,5000,אל על מפל שחור,אל על,,
NS00001827,2022-07-18 13:40:43,E.coli MUG,580,אל על מפל שחור,אל על,,
NS00001827,2022-07-18 13:40:43,קוליפורם צואתי,580,אל על מפל שחור,אל על,,
NS00001827,2022-08-01 13:00:13,E.coli MUG,1100,אל על מפל שחור,אל על,,
NS00001827,2022-08-01 13:00:13,קוליפורם צואתי,1100,אל על מפל שחור,אל על,,
NS00001827,2022-08-15 17:37:25,E.coli MUG,4800,אל על מפל שחור,אל על,,
NS00001827,2022-08-15 17:37:25,קוליפורם צואתי,4800,אל על מפל שחור,אל על,,
NS00001827,2022-08-29 12:58:10,E.coli MUG,2400,אל על מפל שחור,אל על,,
NS00001827,2022-08-29 12:58:10,קוליפורם צואתי,2400,אל על מפל שחור,אל על,,
NS00001827,2022-09-05 14:26:19,E.coli MUG,1800,אל על מפל שחור,אל על,,
NS00001827,2022-09-05 14:26:19,קוליפורם צואתי,1800,אל על מפל שחור,אל על,,
NS00001827,2022-09-19 12:22:11,E.coli MUG,1680,אל על מפל שחור,אל על,,
NS00001827,2022-09-19 12:22:11,קוליפורם צואתי,1680,אל על מפל שחור,אל על,,
NS00001827,2022-10-02 13:26:47,E.coli MUG,310,אל על מפל שחור,אל על,,
NS00001827,2022-10-02 13:26:47,קוליפורם צואתי,700,אל על מפל שחור,אל על,,
NS00001827,2022-10-18 13:03:20,E.coli MUG,1020,אל על מפל שחור,אל על,,
NS00001827,2022-10-18 13:03:20,קוליפורם צואתי,1020,אל על מפל שחור,אל על,,
NS00001827,2022-10-30 14:27:18,E.coli MUG,520,אל על מפל שחור,אל על,,
NS00001827,2022-10-30 14:27:18,קוליפורם צואתי,730,אל על מפל שחור,אל על,,
NS00001827,2022-11-21 15:48:05,E.coli MUG,560,אל על מפל שחור,אל על,,
NS00001827,2022-11-21 15:48:05,קוליפורם צואתי,660,אל על מפל שחור,אל על,,
NS00001827,2022-12-18 13:53:50,E.coli MUG,190,אל על מפל שחור,אל על,,
NS00001827,2022-12-18 13:53:50,קוליפורם צואתי,270,אל על מפל שחור,אל על,,
NS00000712,2022-03-29 13:56:09,E.coli MUG,170, זאכי,יהודיה,,
NS00000712,2022-03-29 13:56:09,קוליפורם צואתי,180, זאכי,יהודיה,,
NS00000712,2022-04-11 14:46:04,E.coli MUG,120, זאכי,יהודיה,,
NS00000712,2022-04-11 14:46:04,קוליפורם צואתי,120, זאכי,יהודיה,,
NS00000712,2022-04-25 00:00:00,E.coli MUG,150, זאכי,יהודיה,,
NS00000712,2022-04-25 00:00:00,קוליפורם צואתי,150, זאכי,יהודיה,,
NS00000712,2022-05-10 14:35:55,E.coli MUG,1500, זאכי,יהודיה,,
NS00000712,2022-05-10 14:35:55,קוליפורם צואתי,1500, זאכי,יהודיה,,
NS00000712,2022-05-23 13:28:03,E.coli MUG,2640, זאכי,יהודיה,,
NS00000712,2022-05-23 13:28:03,קוליפורם צואתי,2640, זאכי,יהודיה,,
NS00000712,2022-06-07 13:27:27,E.coli MUG,560, זאכי,יהודיה,,
NS00000712,2022-06-07 13:27:27,קוליפורם צואתי,560, זאכי,יהודיה,,
NS00000712,2022-06-20 00:00:00,E.coli MUG,700, זאכי,יהודיה,,
NS00000712,2022-06-20 00:00:00,קוליפורם צואתי,700, זאכי,יהודיה,,
NS00000712,2022-07-04 12:51:00,E.coli MUG,470, זאכי,יהודיה,,
NS00000712,2022-07-04 12:51:00,קוליפורם צואתי,470, זאכי,יהודיה,,
NS00000712,2022-07-18 13:40:43,E.coli MUG,380, זאכי,יהודיה,,
NS00000712,2022-07-18 13:40:43,קוליפורם צואתי,380, זאכי,יהודיה,,
NS00000712,2022-08-01 13:00:13,E.coli MUG,550, זאכי,יהודיה,,
NS00000712,2022-08-01 13:00:13,קוליפורם צואתי,570, זאכי,יהודיה,,
NS00000712,2022-08-15 17:37:25,E.coli MUG,700, זאכי,יהודיה,,
NS00000712,2022-08-15 17:37:25,קוליפורם צואתי,700, זאכי,יהודיה,,
NS00000712,2022-08-29 12:58:10,E.coli MUG,1250, זאכי,יהודיה,,
NS00000712,2022-08-29 12:58:10,קוליפורם צואתי,1600, זאכי,יהודיה,,
NS00000712,2022-09-05 14:26:19,E.coli MUG,1350, זאכי,יהודיה,,
NS00000712,2022-09-05 14:26:19,קוליפורם צואתי,1350, זאכי,יהודיה,,
NS00000712,2022-09-19 12:22:11,E.coli MUG,2000, זאכי,יהודיה,,
NS00000712,2022-09-19 12:22:11,קוליפורם צואתי,2000, זאכי,יהודיה,,
NS00000712,2022-10-02 13:26:47,E.coli MUG,1600, זאכי,יהודיה,,
NS00000712,2022-10-02 13:26:47,קוליפורם צואתי,1600, זאכי,יהודיה,,
NS00000712,2022-10-18 13:03:20,E.coli MUG,730, זאכי,יהודיה,,
NS00000712,2022-10-18 13:03:20,קוליפורם צואתי,730, זאכי,יהודיה,,
NS00000712,2022-10-30 14:27:18,E.coli MUG,420, זאכי,יהודיה,,
NS00000712,2022-10-30 14:27:18,קוליפורם צואתי,650, זאכי,יהודיה,,
NS00000712,2022-11-21 15:48:05,E.coli MUG,300, זאכי,יהודיה,,
NS00000712,2022-11-21 15:48:05,קוליפורם צואתי,360, זאכי,יהודיה,,
NS00000712,2022-12-18 13:53:50,E.coli MUG,710, זאכי,יהודיה,,
NS00000712,2022-12-18 13:53:50,קוליפורם צואתי,710, זאכי,יהודיה,,
NS00000713,2022-03-29 13:56:09,E.coli MUG,90,יהודיה מפל יהודיה,יהודיה,,
NS00000713,2022-03-29 13:56:09,קוליפורם צואתי,130,יהודיה מפל יהודיה,יהודיה,,
NS00000713,2022-04-11 14:46:04,E.coli MUG,290,יהודיה מפל יהודיה,יהודיה,,
NS00000713,2022-04-11 14:46:04,קוליפורם צואתי,290,יהודיה מפל יהודיה,יהודיה,,
NS00000713,2022-04-25 00:00:00,E.coli MUG,200,יהודיה מפל יהודיה,יהודיה,,
NS00000713,2022-04-25 00:00:00,קוליפורם צואתי,250,יהודיה מפל יהודיה,יהודיה,,
NS00000713,2022-05-10 14:35:55,E.coli MUG,40,יהודיה מפל יהודיה,יהודיה,,
NS00000713,2022-05-10 14:35:55,קוליפורם צואתי,180,יהודיה מפל יהודיה,יהודיה,,
NS00000713,2022-05-23 13:28:03,E.coli MUG,350,יהודיה מפל יהודיה,יהודיה,,
NS00000713,2022-05-23 13:28:03,קוליפורם צואתי,350,יהודיה מפל יהודיה,יהודיה,,
NS00000713,2022-06-07 13:27:27,E.coli MUG,270,יהודיה מפל יהודיה,יהודיה,,
NS00000713,2022-06-07 13:27:27,קוליפורם צואתי,270,יהודיה מפל יהודיה,יהודיה,,
NS00000713,2022-06-20 00:00:00,E.coli MUG,420,יהודיה מפל יהודיה,יהודיה,,
NS00000713,2022-06-20 00:00:00,קוליפורם צואתי,420,יהודיה מפל יהודיה,יהודיה,,
NS00000713,2022-07-04 12:51:00,E.coli MUG,1130,יהודיה מפל יהודיה,יהודיה,,
NS00000713,2022-07-04 12:51:00,קוליפורם צואתי,1130,יהודיה מפל יהודיה,יהודיה,,
NS00000713,2022-07-18 13:40:43,E.coli MUG,140,יהודיה מפל יהודיה,יהודיה,,
NS00000713,2022-07-18 13:40:43,קוליפורם צואתי,360,יהודיה מפל יהודיה,יהודיה,,
NS00000713,2022-08-01 13:00:13,E.coli MUG,130,יהודיה מפל יהודיה,יהודיה,,
NS00000713,2022-08-01 13:00:13,קוליפורם צואתי,370,יהודיה מפל יהודיה,יהודיה,,
NS00000713,2022-08-15 17:37:25,E.coli MUG,90,יהודיה מפל יהודיה,יהודיה,,
NS00000713,2022-08-15 17:37:25,קוליפורם צואתי,150,יהודיה מפל יהודיה,יהודיה,,
NS00000713,2022-08-29 12:58:10,E.coli MUG,150,יהודיה מפל יהודיה,יהודיה,,
NS00000713,2022-08-29 12:58:10,קוליפורם צואתי,310,יהודיה מפל יהודיה,יהודיה,,
NS00000713,2022-09-05 14:26:19,E.coli MUG,400,יהודיה מפל יהודיה,יהודיה,,
NS00000713,2022-09-05 14:26:19,קוליפורם צואתי,460,יהודיה מפל יהודיה,יהודיה,,
NS00000713,2022-09-19 12:22:11,E.coli MUG,210,יהודיה מפל יהודיה,יהודיה,,
NS00000713,2022-09-19 12:22:11,קוליפורם צואתי,390,יהודיה מפל יהודיה,יהודיה,,
NS00000713,2022-10-02 13:26:47,E.coli MUG,150,יהודיה מפל יהודיה,יהודיה,,
NS00000713,2022-10-02 13:26:47,קוליפורם צואתי,370,יהודיה מפל יהודיה,יהודיה,,
NS00000713,2022-10-18 13:03:20,E.coli MUG,370,יהודיה מפל יהודיה,יהודיה,,
NS00000713,2022-10-18 13:03:20,קוליפורם צואתי,370,יהודיה מפל יהודיה,יהודיה,,
NS00000713,2022-10-30 14:27:18,E.coli MUG,340,יהודיה מפל יהודיה,יהודיה,,
NS00000713,2022-10-30 14:27:18,קוליפורם צואתי,460,יהודיה מפל יהודיה,יהודיה,,
NS00000713,2022-11-21 15:48:05,E.coli MUG,310,יהודיה מפל יהודיה,יהודיה,,
NS00000713,2022-11-21 15:48:05,קוליפורם צואתי,480,יהודיה מפל יהודיה,יהודיה,,
NS00000713,2022-12-18 13:53:50,E.coli MUG,250,יהודיה מפל יהודיה,יהודיה,,
NS00000713,2022-12-18 13:53:50,קוליפורם צואתי,520,יהודיה מפל יהודיה,יהודיה,,
NS00000714,2022-03-29 13:56:09,E.coli MUG,440,ירדן גשר אריק,ירדן טבריה,,
NS00000714,2022-03-29 13:56:09,קוליפורם צואתי,470,ירדן גשר אריק,ירדן טבריה,,
NS00000714,2022-04-11 14:46:04,E.coli MUG,160,ירדן גשר אריק,ירדן טבריה,,
NS00000714,2022-04-11 14:46:04,קוליפורם צואתי,160,ירדן גשר אריק,ירדן טבריה,,
NS00000714,2022-04-25 00:00:00,E.coli MUG,500,ירדן גשר אריק,ירדן טבריה,,
NS00000714,2022-04-25 00:00:00,קוליפורם צואתי,530,ירדן גשר אריק,ירדן טבריה,,
NS00000714,2022-05-10 14:35:55,E.coli MUG,220,ירדן גשר אריק,ירדן טבריה,,
NS00000714,2022-05-10 14:35:55,קוליפורם צואתי,220,ירדן גשר אריק,ירדן טבריה,,
NS00000714,2022-05-23 13:28:03,E.coli MUG,340,ירדן גשר אריק,ירדן טבריה,,
NS00000714,2022-05-23 13:28:03,קוליפורם צואתי,340,ירדן גשר אריק,ירדן טבריה,,
NS00000714,2022-06-07 13:27:27,E.coli MUG,340,ירדן גשר אריק,ירדן טבריה,,
NS00000714,2022-06-07 13:27:27,קוליפורם צואתי,340,ירדן גשר אריק,ירדן טבריה,,
NS00000714,2022-06-20 00:00:00,E.coli MUG,900,ירדן גשר אריק,ירדן טבריה,,
NS00000714,2022-06-20 00:00:00,קוליפורם צואתי,900,ירדן גשר אריק,ירדן טבריה,,
NS00000714,2022-07-04 12:51:00,E.coli MUG,230,ירדן גשר אריק,ירדן טבריה,,
NS00000714,2022-07-04 12:51:00,קוליפורם צואתי,350,ירדן גשר אריק,ירדן טבריה,,
NS00000714,2022-07-18 13:40:43,E.coli MUG,600,ירדן גשר אריק,ירדן טבריה,,
NS00000714,2022-07-18 13:40:43,קוליפורם צואתי,600,ירדן גשר אריק,ירדן טבריה,,
NS00000714,2022-08-01 13:00:13,E.coli MUG,500,ירדן גשר אריק,ירדן טבריה,,
NS00000714,2022-08-01 13:00:13,קוליפורם צואתי,580,ירדן גשר אריק,ירדן טבריה,,
NS00000714,2022-08-15 17:37:25,E.coli MUG,800,ירדן גשר אריק,ירדן טבריה,,
NS00000714,2022-08-15 17:37:25,קוליפורם צואתי,800,ירדן גשר אריק,ירדן טבריה,,
NS00000714,2022-08-29 12:58:10,E.coli MUG,1100,ירדן גשר אריק,ירדן טבריה,,
NS00000714,2022-08-29 12:58:10,קוליפורם צואתי,1100,ירדן גשר אריק,ירדן טבריה,,
NS00000714,2022-09-05 14:26:19,E.coli MUG,1200,ירדן גשר אריק,ירדן טבריה,,
NS00000714,2022-09-05 14:26:19,קוליפורם צואתי,1200,ירדן גשר אריק,ירדן טבריה,,
NS00000714,2022-09-19 12:22:11,E.coli MUG,490,ירדן גשר אריק,ירדן טבריה,,
NS00000714,2022-09-19 12:22:11,קוליפורם צואתי,1040,ירדן גשר אריק,ירדן טבריה,,
NS00000714,2022-10-02 13:26:47,E.coli MUG,330,ירדן גשר אריק,ירדן טבריה,,
NS00000714,2022-10-02 13:26:47,קוליפורם צואתי,3400,ירדן גשר אריק,ירדן טבריה,,
NS00000714,2022-10-18 13:03:20,E.coli MUG,1200,ירדן גשר אריק,ירדן טבריה,,
NS00000714,2022-10-18 13:03:20,קוליפורם צואתי,1200,ירדן גשר אריק,ירדן טבריה,,
NS00000714,2022-10-30 14:27:18,E.coli MUG,300,ירדן גשר אריק,ירדן טבריה,,
NS00000714,2022-10-30 14:27:18,קוליפורם צואתי,500,ירדן גשר אריק,ירדן טבריה,,
NS00000714,2022-11-06 14:50:52,E.coli MUG,400,ירדן גשר אריק,ירדן טבריה,,
NS00000714,2022-11-06 14:50:52,סטרפטוקוק/אנטרוקוק ממוצא צואתי,380,ירדן גשר אריק,ירדן טבריה,,
NS00000714,2022-11-06 14:50:52,קוליפורם צואתי,500,ירדן גשר אריק,ירדן טבריה,,
NS00000714,2022-11-21 15:48:05,E.coli MUG,300,ירדן גשר אריק,ירדן טבריה,,
NS00000714,2022-11-21 15:48:05,סטרפטוקוק/אנטרוקוק ממוצא צואתי,200,ירדן גשר אריק,ירדן טבריה,,
NS00000714,2022-11-21 15:48:05,קוליפורם צואתי,350,ירדן גשר אריק,ירדן טבריה,,
NS00000714,2022-11-28 14:02:32,E.coli MUG,1000,ירדן גשר אריק,ירדן טבריה,,
NS00000714,2022-11-28 14:02:32,סטרפטוקוק/אנטרוקוק ממוצא צואתי,630,ירדן גשר אריק,ירדן טבריה,,
NS00000714,2022-11-28 14:02:32,קוליפורם צואתי,1200,ירדן גשר אריק,ירדן טבריה,,
NS00000714,2022-12-05 12:37:28,E.coli MUG,300,ירדן גשר אריק,ירדן טבריה,,
NS00000714,2022-12-05 12:37:28,סטרפטוקוק/אנטרוקוק ממוצא צואתי,250,ירדן גשר אריק,ירדן טבריה,,
NS00000714,2022-12-05 12:37:28,קוליפורם צואתי,510,ירדן גשר אריק,ירדן טבריה,,
NS00000714,2022-12-11 14:11:20,E.coli MUG,370,ירדן גשר אריק,ירדן טבריה,,
NS00000714,2022-12-11 14:11:20,סטרפטוקוק/אנטרוקוק ממוצא צואתי,160,ירדן גשר אריק,ירדן טבריה,,
NS00000714,2022-12-11 14:11:20,קוליפורם צואתי,370,ירדן גשר אריק,ירדן טבריה,,
NS00000714,2022-12-18 13:53:50,E.coli MUG,200,ירדן גשר אריק,ירדן טבריה,,
NS00000714,2022-12-18 13:53:50,סטרפטוקוק/אנטרוקוק ממוצא צואתי,30,ירדן גשר אריק,ירדן טבריה,,
NS00000714,2022-12-18 13:53:50,קוליפורם צואתי,440,ירדן גשר אריק,ירדן טבריה,,
NS00000714,2022-12-25 12:14:19,E.coli MUG,380,ירדן גשר אריק,ירדן טבריה,,
NS00000714,2022-12-25 12:14:19,סטרפטוקוק/אנטרוקוק ממוצא צואתי,150,ירדן גשר אריק,ירדן טבריה,,
NS00000714,2022-12-25 12:14:19,קוליפורם צואתי,380,ירדן גשר אריק,ירדן טבריה,,
NS00000719,2022-03-29 13:56:09,E.coli MUG,50,מג'רסה,מג'רסה,,
NS00000719,2022-03-29 13:56:09,קוליפורם צואתי,100,מג'רסה,מג'רסה,,
NS00000719,2022-04-11 14:46:04,E.coli MUG,60,מג'רסה,מג'רסה,,
NS00000719,2022-04-11 14:46:04,קוליפורם צואתי,100,מג'רסה,מג'רסה,,
NS00000719,2022-04-25 00:00:00,E.coli MUG,150,מג'רסה,מג'רסה,,
NS00000719,2022-04-25 00:00:00,קוליפורם צואתי,210,מג'רסה,מג'רסה,,
NS00000719,2022-05-10 14:35:55,E.coli MUG,210,מג'רסה,מג'רסה,,
NS00000719,2022-05-10 14:35:55,קוליפורם צואתי,210,מג'רסה,מג'רסה,,
NS00000719,2022-05-23 13:28:03,E.coli MUG,220,מג'רסה,מג'רסה,,
NS00000719,2022-05-23 13:28:03,E.coli MUG,440,מג'רסה,מג'רסה,,
NS00000719,2022-05-23 13:28:03,קוליפורם צואתי,220,מג'רסה,מג'רסה,,
NS00000719,2022-05-23 13:28:03,קוליפורם צואתי,440,מג'רסה,מג'רסה,,
NS00000719,2022-06-07 13:27:27,E.coli MUG,300,מג'רסה,מג'רסה,,
NS00000719,2022-06-07 13:27:27,קוליפורם צואתי,300,מג'רסה,מג'רסה,,
NS00000719,2022-06-20 00:00:00,E.coli MUG,290,מג'רסה,מג'רסה,,
NS00000719,2022-06-20 00:00:00,קוליפורם צואתי,290,מג'רסה,מג'רסה,,
NS00000719,2022-07-04 12:51:00,E.coli MUG,180,מג'רסה,מג'רסה,,
NS00000719,2022-07-04 12:51:00,קוליפורם צואתי,250,מג'רסה,מג'רסה,,
NS00000719,2022-07-18 13:40:43,E.coli MUG,90,מג'רסה,מג'רסה,,
NS00000719,2022-07-18 13:40:43,קוליפורם צואתי,140,מג'רסה,מג'רסה,,
NS00000719,2022-08-01 13:00:13,E.coli MUG,380,מג'רסה,מג'רסה,,
NS00000719,2022-08-01 13:00:13,קוליפורם צואתי,430,מג'רסה,מג'רסה,,
NS00000719,2022-08-15 17:37:25,E.coli MUG,500,מג'רסה,מג'רסה,,
NS00000719,2022-08-15 17:37:25,קוליפורם צואתי,500,מג'רסה,מג'רסה,,
NS00000719,2022-08-16 12:39:29,E.coli MUG,420,מג'רסה,מג'רסה,,
NS00000719,2022-08-16 12:39:29,קוליפורם צואתי,440,מג'רסה,מג'רסה,,
NS00000719,2022-08-29 12:58:10,E.coli MUG,250,מג'רסה,מג'רסה,,
NS00000719,2022-08-29 12:58:10,קוליפורם צואתי,450,מג'רסה,מג'רסה,,
NS00000719,2022-09-05 14:26:19,E.coli MUG,1750,מג'רסה,מג'רסה,,
NS00000719,2022-09-05 14:26:19,קוליפורם צואתי,1750,מג'רסה,מג'רסה,,
NS00000719,2022-09-07 11:14:04,E.coli MUG,420,מג'רסה,מג'רסה,,
NS00000719,2022-09-07 11:14:04,קוליפורם צואתי,480,מג'רסה,מג'רסה,,
NS00000719,2022-09-19 12:22:11,E.coli MUG,900,מג'רסה,מג'רסה,,
NS00000719,2022-09-19 12:22:11,קוליפורם צואתי,900,מג'רסה,מג'רסה,,
NS00000719,2022-10-02 13:26:47,E.coli MUG,1700,מג'רסה,מג'רסה,,
NS00000719,2022-10-02 13:26:47,קוליפורם צואתי,1800,מג'רסה,מג'רסה,,
NS00000719,2022-10-18 13:03:20,E.coli MUG,800,מג'רסה,מג'רסה,,
NS00000719,2022-10-18 13:03:20,קוליפורם צואתי,800,מג'רסה,מג'רסה,,
NS00000719,2022-10-30 14:27:18,E.coli MUG,450,מג'רסה,מג'רסה,,
NS00000719,2022-10-30 14:27:18,קוליפורם צואתי,600,מג'רסה,מג'רסה,,
NS00000719,2022-11-21 15:48:05,E.coli MUG,1350,מג'רסה,מג'רסה,,
NS00000719,2022-11-21 15:48:05,קוליפורם צואתי,1350,מג'רסה,מג'רסה,,
NS00000719,2022-12-18 13:53:50,E.coli MUG,300,מג'רסה,מג'רסה,,
NS00000719,2022-12-18 13:53:50,קוליפורם צואתי,300,מג'רסה,מג'רסה,,
NS00000720,2022-03-29 13:56:09,E.coli MUG,150,משושים בריכת המשושים,משושים,,
NS00000720,2022-03-29 13:56:09,קוליפורם צואתי,150,משושים בריכת המשושים,משושים,,
NS00000720,2022-04-11 14:46:04,E.coli MUG,210,משושים בריכת המשושים,משושים,,
NS00000720,2022-04-11 14:46:04,קוליפורם צואתי,210,משושים בריכת המשושים,משושים,,
NS00000720,2022-04-25 00:00:00,E.coli MUG,300,משושים בריכת המשושים,משושים,,
NS00000720,2022-04-25 00:00:00,קוליפורם צואתי,360,משושים בריכת המשושים,משושים,,
NS00000720,2022-05-10 14:35:55,E.coli MUG,500,משושים בריכת המשושים,משושים,,
NS00000720,2022-05-10 14:35:55,קוליפורם צואתי,500,משושים בריכת המשושים,משושים,,
NS00000720,2022-05-12 10:56:23,E.coli MUG,350,משושים בריכת המשושים,משושים,,
NS00000720,2022-05-12 10:56:23,קוליפורם צואתי,350,משושים בריכת המשושים,משושים,,
NS00000720,2022-05-23 13:28:03,E.coli MUG,2750,משושים בריכת המשושים,משושים,,
NS00000720,2022-05-23 13:28:03,קוליפורם צואתי,2750,משושים בריכת המשושים,משושים,,
NS00000720,2022-06-07 13:27:27,E.coli MUG,460,משושים בריכת המשושים,משושים,,
NS00000720,2022-06-07 13:27:27,קוליפורם צואתי,460,משושים בריכת המשושים,משושים,,
NS00000720,2022-06-20 00:00:00,E.coli MUG,300,משושים בריכת המשושים,משושים,,
NS00000720,2022-06-20 00:00:00,קוליפורם צואתי,310,משושים בריכת המשושים,משושים,,
NS00000720,2022-07-04 12:51:00,E.coli MUG,510,משושים בריכת המשושים,משושים,,
NS00000720,2022-07-04 12:51:00,קוליפורם צואתי,510,משושים בריכת המשושים,משושים,,
NS00000720,2022-07-18 13:40:43,E.coli MUG,510,משושים בריכת המשושים,משושים,,
NS00000720,2022-07-18 13:40:43,קוליפורם צואתי,510,משושים בריכת המשושים,משושים,,
NS00000720,2022-08-01 13:00:13,E.coli MUG,2000,משושים בריכת המשושים,משושים,,
NS00000720,2022-08-01 13:00:13,קוליפורם צואתי,2000,משושים בריכת המשושים,משושים,,
NS00000720,2022-08-15 17:37:25,E.coli MUG,2400,משושים בריכת המשושים,משושים,,
NS00000720,2022-08-15 17:37:25,קוליפורם צואתי,2400,משושים בריכת המשושים,משושים,,
NS00000720,2022-08-29 12:58:10,E.coli MUG,950,משושים בריכת המשושים,משושים,,
NS00000720,2022-08-29 12:58:10,קוליפורם צואתי,950,משושים בריכת המשושים,משושים,,
NS00000720,2022-09-05 14:26:19,E.coli MUG,1450,משושים בריכת המשושים,משושים,,
NS00000720,2022-09-05 14:26:19,קוליפורם צואתי,1450,משושים בריכת המשושים,משושים,,
NS00000720,2022-09-19 12:22:11,E.coli MUG,1000,משושים בריכת המשושים,משושים,,
NS00000720,2022-09-19 12:22:11,קוליפורם צואתי,1000,משושים בריכת המשושים,משושים,,
NS00000720,2022-10-02 13:26:47,E.coli MUG,900,משושים בריכת המשושים,משושים,,
NS00000720,2022-10-02 13:26:47,קוליפורם צואתי,960,משושים בריכת המשושים,משושים,,
NS00000720,2022-10-18 13:03:20,E.coli MUG,700,משושים בריכת המשושים,משושים,,
NS00000720,2022-10-18 13:03:20,קוליפורם צואתי,700,משושים בריכת המשושים,משושים,,
NS00000720,2022-10-30 14:27:18,E.coli MUG,600,משושים בריכת המשושים,משושים,,
NS00000720,2022-10-30 14:27:18,קוליפורם צואתי,840,משושים בריכת המשושים,משושים,,
NS00000720,2022-11-21 15:48:05,E.coli MUG,560,משושים בריכת המשושים,משושים,,
NS00000720,2022-11-21 15:48:05,קוליפורם צואתי,560,משושים בריכת המשושים,משושים,,
NS00000720,2022-12-18 13:53:50,E.coli MUG,490,משושים בריכת המשושים,משושים,,
NS00000720,2022-12-18 13:53:50,קוליפורם צואתי,490,משושים בריכת המשושים,משושים,,
NS00001794,2022-01-12 15:27:09,סטרפטוקוק/אנטרוקוק ממוצא צואתי,220,ירמוכים כניסה ,סקר ,,
NS00001794,2022-01-12 15:27:09,קוליפורם צואתי,180,ירמוכים כניסה ,סקר ,,
NS00001794,2022-02-15 13:07:05,סטרפטוקוק/אנטרוקוק ממוצא צואתי,330,ירמוכים כניסה ,סקר ,,
NS00001794,2022-02-15 13:07:05,קוליפורם צואתי,220,ירמוכים כניסה ,סקר ,,
NS00001794,2022-03-20 13:16:57,סטרפטוקוק/אנטרוקוק ממוצא צואתי,200,ירמוכים כניסה ,סקר ,,
NS00001794,2022-03-20 13:16:57,קוליפורם צואתי,500,ירמוכים כניסה ,סקר ,,
NS00001794,2022-04-25 00:00:00,סטרפטוקוק/אנטרוקוק ממוצא צואתי,280,ירמוכים כניסה ,סקר ,,
NS00001794,2022-04-25 00:00:00,קוליפורם צואתי,208,ירמוכים כניסה ,סקר ,,
NS00001794,2022-07-04 12:51:00,סטרפטוקוק/אנטרוקוק ממוצא צואתי,620,ירמוכים כניסה ,סקר ,,
NS00001794,2022-07-04 12:51:00,קוליפורם צואתי,960,ירמוכים כניסה ,סקר ,,
NS00001794,2022-10-18 13:05:27,סטרפטוקוק/אנטרוקוק ממוצא צואתי,86,ירמוכים כניסה ,סקר ,,
NS00001794,2022-10-18 13:05:27,קוליפורם צואתי,320,ירמוכים כניסה ,סקר ,,
NS00001794,2022-10-24 00:00:00,סטרפטוקוק/אנטרוקוק ממוצא צואתי,260,ירמוכים כניסה ,סקר ,,
NS00001794,2022-10-24 00:00:00,קוליפורם צואתי,800,ירמוכים כניסה ,סקר ,,
NS00001794,2022-11-06 14:50:52,E.coli MUG,1080,ירמוכים כניסה ,סקר ,,
NS00001794,2022-11-06 14:50:52,סטרפטוקוק/אנטרוקוק ממוצא צואתי,400,ירמוכים כניסה ,סקר ,,
NS00001794,2022-11-06 14:50:52,קוליפורם צואתי,1080,ירמוכים כניסה ,סקר ,,
NS00001794,2022-11-21 15:48:05,E.coli MUG,740,ירמוכים כניסה ,סקר ,,
NS00001794,2022-11-21 15:48:05,סטרפטוקוק/אנטרוקוק ממוצא צואתי,560,ירמוכים כניסה ,סקר ,,
NS00001794,2022-11-21 15:48:05,קוליפורם צואתי,740,ירמוכים כניסה ,סקר ,,
NS00001794,2022-11-28 14:02:32,E.coli MUG,260,ירמוכים כניסה ,סקר ,,
NS00001794,2022-11-28 14:02:32,סטרפטוקוק/אנטרוקוק ממוצא צואתי,500,ירמוכים כניסה ,סקר ,,
NS00001794,2022-11-28 14:02:32,קוליפורם צואתי,300,ירמוכים כניסה ,סקר ,,
NS00001794,2022-12-05 00:00:00,E.coli MUG,240,ירמוכים כניסה ,סקר ,,
NS00001794,2022-12-05 00:00:00,סטרפטוקוק/אנטרוקוק ממוצא צואתי,300,ירמוכים כניסה ,סקר ,,
NS00001794,2022-12-05 00:00:00,קוליפורם צואתי,290,ירמוכים כניסה ,סקר ,,
NS00001794,2022-12-11 14:11:20,E.coli MUG,300,ירמוכים כניסה ,סקר ,,
NS00001794,2022-12-11 14:11:20,סטרפטוקוק/אנטרוקוק ממוצא צואתי,300,ירמוכים כניסה ,סקר ,,
NS00001794,2022-12-11 14:11:20,קוליפורם צואתי,370,ירמוכים כניסה ,סקר ,,
NS00001794,2022-12-18 13:53:50,E.coli MUG,250,ירמוכים כניסה ,סקר ,,
NS00001794,2022-12-18 13:53:50,סטרפטוקוק/אנטרוקוק ממוצא צואתי,20,ירמוכים כניסה ,סקר ,,
NS00001794,2022-12-18 13:53:50,קוליפורם צואתי,480,ירמוכים כניסה ,סקר ,,
NS00001794,2022-12-25 12:14:19,E.coli MUG,400,ירמוכים כניסה ,סקר ,,
NS00001794,2022-12-25 12:14:19,סטרפטוקוק/אנטרוקוק ממוצא צואתי,400,ירמוכים כניסה ,סקר ,,
NS00001794,2022-12-25 12:14:19,קוליפורם צואתי,420,ירמוכים כניסה ,סקר ,,
NS00001795,2022-01-12 15:27:09,סטרפטוקוק/אנטרוקוק ממוצא צואתי,200,ירמוכים מאגר ,סקר ,,
NS00001795,2022-01-12 15:27:09,קוליפורם צואתי,84,ירמוכים מאגר ,סקר ,,
NS00001795,2022-02-15 13:07:05,סטרפטוקוק/אנטרוקוק ממוצא צואתי,168,ירמוכים מאגר ,סקר ,,
NS00001795,2022-02-15 13:07:05,קוליפורם צואתי,132,ירמוכים מאגר ,סקר ,,
NS00001795,2022-03-20 13:16:57,סטרפטוקוק/אנטרוקוק ממוצא צואתי,70,ירמוכים מאגר ,סקר ,,
NS00001795,2022-03-20 13:16:57,קוליפורם צואתי,300,ירמוכים מאגר ,סקר ,,
NS00001795,2022-04-25 00:00:00,סטרפטוקוק/אנטרוקוק ממוצא צואתי,76,ירמוכים מאגר ,סקר ,,
NS00001795,2022-04-25 00:00:00,קוליפורם צואתי,128,ירמוכים מאגר ,סקר ,,
NS00001795,2022-07-04 12:51:00,סטרפטוקוק/אנטרוקוק ממוצא צואתי,70,ירמוכים מאגר ,סקר ,,
NS00001795,2022-07-04 12:51:00,קוליפורם צואתי,172,ירמוכים מאגר ,סקר ,,
NS00001795,2022-10-18 13:05:27,סטרפטוקוק/אנטרוקוק ממוצא צואתי,14,ירמוכים מאגר ,סקר ,,
NS00001795,2022-10-18 13:05:27,קוליפורם צואתי,24,ירמוכים מאגר ,סקר ,,
NS00001795,2022-10-24 00:00:00,סטרפטוקוק/אנטרוקוק ממוצא צואתי,54,ירמוכים מאגר ,סקר ,,
NS00001795,2022-10-24 00:00:00,קוליפורם צואתי,360,ירמוכים מאגר ,סקר ,,
NS00001795,2022-11-06 14:50:52,E.coli MUG,164,ירמוכים מאגר ,סקר ,,
NS00001795,2022-11-06 14:50:52,סטרפטוקוק/אנטרוקוק ממוצא צואתי,140,ירמוכים מאגר ,סקר ,,
NS00001795,2022-11-06 14:50:52,קוליפורם צואתי,164,ירמוכים מאגר ,סקר ,,
NS00001795,2022-11-21 15:48:05,E.coli MUG,60,ירמוכים מאגר ,סקר ,,
NS00001795,2022-11-21 15:48:05,סטרפטוקוק/אנטרוקוק ממוצא צואתי,20,ירמוכים מאגר ,סקר ,,
NS00001795,2022-11-21 15:48:05,קוליפורם צואתי,110,ירמוכים מאגר ,סקר ,,
NS00001795,2022-11-28 14:02:32,E.coli MUG,80,ירמוכים מאגר ,סקר ,,
NS00001795,2022-11-28 14:02:32,סטרפטוקוק/אנטרוקוק ממוצא צואתי,170,ירמוכים מאגר ,סקר ,,
NS00001795,2022-11-28 14:02:32,קוליפורם צואתי,200,ירמוכים מאגר ,סקר ,,
NS00001795,2022-12-05 00:00:00,E.coli MUG,80,ירמוכים מאגר ,סקר ,,
NS00001795,2022-12-05 00:00:00,סטרפטוקוק/אנטרוקוק ממוצא צואתי,290,ירמוכים מאגר ,סקר ,,
NS00001795,2022-12-05 00:00:00,קוליפורם צואתי,100,ירמוכים מאגר ,סקר ,,
NS00001795,2022-12-11 14:11:20,E.coli MUG,50,ירמוכים מאגר ,סקר ,,
NS00001795,2022-12-11 14:11:20,סטרפטוקוק/אנטרוקוק ממוצא צואתי,80,ירמוכים מאגר ,סקר ,,
NS00001795,2022-12-11 14:11:20,קוליפורם צואתי,80,ירמוכים מאגר ,סקר ,,
NS00001795,2022-12-18 13:53:50,E.coli MUG,100,ירמוכים מאגר ,סקר ,,
NS00001795,2022-12-18 13:53:50,סטרפטוקוק/אנטרוקוק ממוצא צואתי,7,ירמוכים מאגר ,סקר ,,
NS00001795,2022-12-18 13:53:50,קוליפורם צואתי,180,ירמוכים מאגר ,סקר ,,
NS00001795,2022-12-25 12:14:19,E.coli MUG,80,ירמוכים מאגר ,סקר ,,
NS00001795,2022-12-25 12:14:19,סטרפטוקוק/אנטרוקוק ממוצא צואתי,70,ירמוכים מאגר ,סקר ,,
NS00001795,2022-12-25 12:14:19,קוליפורם צואתי,80,ירמוכים מאגר ,סקר ,,
NS00002042,2022-11-21 15:48:05,E.coli MUG,<1,ירמוכים יציאה ממאגר לאחר חיטוי,סקר ,,
NS00002042,2022-11-21 15:48:05,סטרפטוקוק/אנטרוקוק ממוצא צואתי,<1,ירמוכים יציאה ממאגר לאחר חיטוי,סקר ,,
NS00002042,2022-11-21 15:48:05,קוליפורם צואתי,<2,ירמוכים יציאה ממאגר לאחר חיטוי,סקר ,,
NS00002042,2022-11-28 14:02:32,סטרפטוקוק/אנטרוקוק ממוצא צואתי,<2,ירמוכים יציאה ממאגר לאחר חיטוי,סקר ,,
NS00002042,2022-11-28 14:02:32,קוליפורם צואתי,<2,ירמוכים יציאה ממאגר לאחר חיטוי,סקר ,,
NS00002042,2022-12-05 00:00:00,סטרפטוקוק/אנטרוקוק ממוצא צואתי,<2,ירמוכים יציאה ממאגר לאחר חיטוי,סקר ,,
NS00002042,2022-12-05 00:00:00,קוליפורם צואתי,<2,ירמוכים יציאה ממאגר לאחר חיטוי,סקר ,,
NS00002042,2022-12-11 14:11:20,סטרפטוקוק/אנטרוקוק ממוצא צואתי,<2,ירמוכים יציאה ממאגר לאחר חיטוי,סקר ,,
NS00002042,2022-12-11 14:11:20,קוליפורם צואתי,<2,ירמוכים יציאה ממאגר לאחר חיטוי,סקר ,,
NS00002042,2022-12-18 13:53:50,E.coli MUG,<1,ירמוכים יציאה ממאגר לאחר חיטוי,סקר ,,
NS00002042,2022-12-18 13:53:50,סטרפטוקוק/אנטרוקוק ממוצא צואתי,<1,ירמוכים יציאה ממאגר לאחר חיטוי,סקר ,,
NS00002042,2022-12-18 13:53:50,קוליפורם צואתי,<2,ירמוכים יציאה ממאגר לאחר חיטוי,סקר ,,
NS00002042,2022-12-25 12:14:19,E.coli MUG,<1,ירמוכים יציאה ממאגר לאחר חיטוי,סקר ,,
NS00002042,2022-12-25 12:14:19,סטרפטוקוק/אנטרוקוק ממוצא צואתי,<1,ירמוכים יציאה ממאגר לאחר חיטוי,סקר ,,
NS00002042,2022-12-25 12:14:19,קוליפורם צואתי,<1,ירמוכים יציאה ממאגר לאחר חיטוי,סקר ,,
NS00002040,2022-11-21 16:05:06,E.coli MUG,1040,ירדן דרומי גשר,סקר ,,
NS00002040,2022-11-21 16:05:06,סטרפטוקוק/אנטרוקוק ממוצא צואתי,510,ירדן דרומי גשר,סקר ,,
NS00002040,2022-11-21 16:05:06,קוליפורם צואתי,1040,ירדן דרומי גשר,סקר ,,
NS00002040,2022-11-28 14:02:32,E.coli MUG,650,ירדן דרומי גשר,סקר ,,
NS00002040,2022-11-28 14:02:32,סטרפטוקוק/אנטרוקוק ממוצא צואתי,600,ירדן דרומי גשר,סקר ,,
NS00002040,2022-11-28 14:02:32,קוליפורם צואתי,1550,ירדן דרומי גשר,סקר ,,
NS00002040,2022-12-05 00:00:00,E.coli MUG,550,ירדן דרומי גשר,סקר ,,
NS00002040,2022-12-05 00:00:00,סטרפטוקוק/אנטרוקוק ממוצא צואתי,90,ירדן דרומי גשר,סקר ,,
NS00002040,2022-12-05 00:00:00,קוליפורם צואתי,750,ירדן דרומי גשר,סקר ,,
NS00002040,2022-12-11 14:11:20,E.coli MUG,800,ירדן דרומי גשר,סקר ,,
NS00002040,2022-12-11 14:11:20,סטרפטוקוק/אנטרוקוק ממוצא צואתי,660,ירדן דרומי גשר,סקר ,,
NS00002040,2022-12-11 14:11:20,קוליפורם צואתי,820,ירדן דרומי גשר,סקר ,,
NS00002040,2022-12-18 13:53:50,E.coli MUG,910,ירדן דרומי גשר,סקר ,,
NS00002040,2022-12-18 13:53:50,סטרפטוקוק/אנטרוקוק ממוצא צואתי,80,ירדן דרומי גשר,סקר ,,
NS00002040,2022-12-18 13:53:50,קוליפורם צואתי,910,ירדן דרומי גשר,סקר ,,
NS00002040,2022-12-25 12:14:19,E.coli MUG,800,ירדן דרומי גשר,סקר ,,
NS00002040,2022-12-25 12:14:19,סטרפטוקוק/אנטרוקוק ממוצא צואתי,700,ירדן דרומי גשר,סקר ,,
NS00002040,2022-12-25 12:14:19,קוליפורם צואתי,800,ירדן דרומי גשר,סקר ,,
NS00002028,2022-09-14 00:00:00,קוליפורם צואתי,14,תעלת שלומי,סקר ,,
NS00002028,2022-09-14 00:00:00,קוליפורם צואתי,פלטה מכוסה,תעלת שלומי,סקר ,,
NS00002028,2022-09-14 10:16:44,קוליפורם צואתי,4,תעלת שלומי,סקר ,,
NS00000722,2022-03-29 14:10:49,E.coli MUG,270,בצת ראש המעיין,בצת עכו,,
NS00000722,2022-03-29 14:10:49,קוליפורם צואתי,330,בצת ראש המעיין,בצת עכו,,
NS00000722,2022-04-11 14:46:04,E.coli MUG,50,בצת ראש המעיין,בצת עכו,,
NS00000722,2022-04-11 14:46:04,קוליפורם צואתי,70,בצת ראש המעיין,בצת עכו,,
NS00000722,2022-04-25 00:00:00,E.coli MUG,100,בצת ראש המעיין,בצת עכו,,
NS00000722,2022-04-25 00:00:00,קוליפורם צואתי,120,בצת ראש המעיין,בצת עכו,,
NS00000722,2022-05-10 14:35:55,E.coli MUG,350,בצת ראש המעיין,בצת עכו,,
NS00000722,2022-05-10 14:35:55,קוליפורם צואתי,350,בצת ראש המעיין,בצת עכו,,
NS00000722,2022-05-23 13:28:03,E.coli MUG,420,בצת ראש המעיין,בצת עכו,,
NS00000722,2022-05-23 13:28:03,קוליפורם צואתי,420,בצת ראש המעיין,בצת עכו,,
NS00000722,2022-06-07 13:27:27,E.coli MUG,160,בצת ראש המעיין,בצת עכו,,
NS00000722,2022-06-07 13:27:27,קוליפורם צואתי,160,בצת ראש המעיין,בצת עכו,,
NS00000722,2022-06-20 15:12:51,E.coli MUG,400,בצת ראש המעיין,בצת עכו,,
NS00000722,2022-06-20 15:12:51,קוליפורם צואתי,440,בצת ראש המעיין,בצת עכו,,
NS00000722,2022-07-04 12:51:00,E.coli MUG,100,בצת ראש המעיין,בצת עכו,,
NS00000722,2022-07-04 12:51:00,קוליפורם צואתי,100,בצת ראש המעיין,בצת עכו,,
NS00000722,2022-07-18 13:40:43,E.coli MUG,10,בצת ראש המעיין,בצת עכו,,
NS00000722,2022-07-18 13:40:43,קוליפורם צואתי,10,בצת ראש המעיין,בצת עכו,,
NS00000722,2022-08-01 13:00:13,קוליפורם צואתי,<2,בצת ראש המעיין,בצת עכו,,
NS00000722,2022-08-15 17:37:25,קוליפורם צואתי,<2,בצת ראש המעיין,בצת עכו,,
NS00000722,2022-08-29 12:58:10,קוליפורם צואתי,<2,בצת ראש המעיין,בצת עכו,,
NS00000722,2022-09-05 14:34:52,קוליפורם צואתי,<2,בצת ראש המעיין,בצת עכו,,
NS00000722,2022-09-19 12:22:11,E.coli MUG,10,בצת ראש המעיין,בצת עכו,,
NS00000722,2022-09-19 12:22:11,קוליפורם צואתי,40,בצת ראש המעיין,בצת עכו,,
NS00000722,2022-10-02 13:26:47,קוליפורם צואתי,<2,בצת ראש המעיין,בצת עכו,,
NS00000722,2022-10-19 13:09:30,E.coli MUG,130,בצת ראש המעיין,בצת עכו,,
NS00000722,2022-10-19 13:09:30,קוליפורם צואתי,210,בצת ראש המעיין,בצת עכו,,
NS00000722,2022-10-30 14:27:18,קוליפורם צואתי,<2,בצת ראש המעיין,בצת עכו,,
NS00000722,2022-11-21 15:48:05,E.coli MUG,<1,בצת ראש המעיין,בצת עכו,,
NS00000722,2022-11-21 15:48:05,קוליפורם צואתי,10,בצת ראש המעיין,בצת עכו,,
NS00000722,2022-12-18 13:53:50,E.coli MUG,10,בצת ראש המעיין,בצת עכו,,
NS00000722,2022-12-18 13:53:50,קוליפורם צואתי,10,בצת ראש המעיין,בצת עכו,,
NS00000723,2022-03-29 14:10:49,E.coli MUG,340,בצת בריכה 1,בצת עכו,,
NS00000723,2022-03-29 14:10:49,קוליפורם צואתי,540,בצת בריכה 1,בצת עכו,,
NS00000723,2022-04-11 14:46:04,E.coli MUG,20,בצת בריכה 1,בצת עכו,,
NS00000723,2022-04-11 14:46:04,קוליפורם צואתי,40,בצת בריכה 1,בצת עכו,,
NS00000723,2022-04-25 00:00:00,E.coli MUG,30,בצת בריכה 1,בצת עכו,,
NS00000723,2022-04-25 00:00:00,קוליפורם צואתי,40,בצת בריכה 1,בצת עכו,,
NS00000723,2022-05-10 14:35:55,E.coli MUG,130,בצת בריכה 1,בצת עכו,,
NS00000723,2022-05-10 14:35:55,קוליפורם צואתי,160,בצת בריכה 1,בצת עכו,,
NS00000723,2022-05-23 13:28:03,E.coli MUG,40,בצת בריכה 1,בצת עכו,,
NS00000723,2022-05-23 13:28:03,קוליפורם צואתי,40,בצת בריכה 1,בצת עכו,,
NS00000723,2022-06-07 13:27:27,E.coli MUG,60,בצת בריכה 1,בצת עכו,,
NS00000723,2022-06-07 13:27:27,קוליפורם צואתי,60,בצת בריכה 1,בצת עכו,,
NS00000723,2022-06-20 15:12:51,E.coli MUG,<1,בצת בריכה 1,בצת עכו,,
NS00000723,2022-06-20 15:12:51,קוליפורם צואתי,<1,בצת בריכה 1,בצת עכו,,
NS00000723,2022-07-04 12:51:00,קוליפורם צואתי,<1,בצת בריכה 1,בצת עכו,,
NS00000723,2022-07-18 13:40:43,קוליפורם צואתי,<2,בצת בריכה 1,בצת עכו,,
NS00000723,2022-08-01 13:00:13,קוליפורם צואתי,<2,בצת בריכה 1,בצת עכו,,
NS00000723,2022-08-15 17:37:25,קוליפורם צואתי,<2,בצת בריכה 1,בצת עכו,,
NS00000723,2022-08-29 12:58:10,E.coli MUG,20,בצת בריכה 1,בצת עכו,,
NS00000723,2022-08-29 12:58:10,קוליפורם צואתי,30,בצת בריכה 1,בצת עכו,,
NS00000723,2022-09-05 14:34:52,E.coli MUG,370,בצת בריכה 1,בצת עכו,,
NS00000723,2022-09-05 14:34:52,קוליפורם צואתי,370,בצת בריכה 1,בצת עכו,,
NS00000723,2022-09-19 12:22:11,E.coli MUG,40,בצת בריכה 1,בצת עכו,,
NS00000723,2022-09-19 12:22:11,קוליפורם צואתי,60,בצת בריכה 1,בצת עכו,,
NS00000723,2022-10-02 13:26:47,קוליפורם צואתי,<2,בצת בריכה 1,בצת עכו,,
NS00000723,2022-10-19 13:09:30,קוליפורם צואתי,<2,בצת בריכה 1,בצת עכו,,
NS00000723,2022-10-30 14:27:18,קוליפורם צואתי,<2,בצת בריכה 1,בצת עכו,,
NS00000723,2022-11-21 15:48:05,E.coli MUG,<1,בצת בריכה 1,בצת עכו,,
NS00000723,2022-11-21 15:48:05,קוליפורם צואתי,<2,בצת בריכה 1,בצת עכו,,
NS00000723,2022-12-18 13:53:50,E.coli MUG,<1,בצת בריכה 1,בצת עכו,,
NS00000723,2022-12-18 13:53:50,קוליפורם צואתי,<2,בצת בריכה 1,בצת עכו,,
NS00000724,2022-03-29 14:10:49,E.coli MUG,260,בצת בריכה 2,בצת עכו,,
NS00000724,2022-03-29 14:10:49,קוליפורם צואתי,290,בצת בריכה 2,בצת עכו,,
NS00000724,2022-04-11 14:46:04,E.coli MUG,80,בצת בריכה 2,בצת עכו,,
NS00000724,2022-04-11 14:46:04,קוליפורם צואתי,100,בצת בריכה 2,בצת עכו,,
NS00000724,2022-04-25 00:00:00,E.coli MUG,30,בצת בריכה 2,בצת עכו,,
NS00000724,2022-04-25 00:00:00,קוליפורם צואתי,30,בצת בריכה 2,בצת עכו,,
NS00000724,2022-05-10 14:35:55,E.coli MUG,170,בצת בריכה 2,בצת עכו,,
NS00000724,2022-05-10 14:35:55,קוליפורם צואתי,170,בצת בריכה 2,בצת עכו,,
NS00000724,2022-05-23 13:28:03,E.coli MUG,100,בצת בריכה 2,בצת עכו,,
NS00000724,2022-05-23 13:28:03,קוליפורם צואתי,110,בצת בריכה 2,בצת עכו,,
NS00000724,2022-06-07 13:27:27,E.coli MUG,100,בצת בריכה 2,בצת עכו,,
NS00000724,2022-06-07 13:27:27,קוליפורם צואתי,110,בצת בריכה 2,בצת עכו,,
NS00000724,2022-06-20 15:12:51,E.coli MUG,20,בצת בריכה 2,בצת עכו,,
NS00000724,2022-06-20 15:12:51,קוליפורם צואתי,20,בצת בריכה 2,בצת עכו,,
NS00000724,2022-07-04 12:51:00,E.coli MUG,10,בצת בריכה 2,בצת עכו,,
NS00000724,2022-07-04 12:51:00,קוליפורם צואתי,10,בצת בריכה 2,בצת עכו,,
NS00000724,2022-07-18 13:40:43,E.coli MUG,50,בצת בריכה 2,בצת עכו,,
NS00000724,2022-07-18 13:40:43,קוליפורם צואתי,50,בצת בריכה 2,בצת עכו,,
NS00000724,2022-08-01 13:00:13,קוליפורם צואתי,<2,בצת בריכה 2,בצת עכו,,
NS00000724,2022-08-15 17:37:25,E.coli MUG,50,בצת בריכה 2,בצת עכו,,
NS00000724,2022-08-15 17:37:25,קוליפורם צואתי,70,בצת בריכה 2,בצת עכו,,
NS00000724,2022-08-29 12:58:10,E.coli MUG,30,בצת בריכה 2,בצת עכו,,
NS00000724,2022-08-29 12:58:10,קוליפורם צואתי,120,בצת בריכה 2,בצת עכו,,
NS00000724,2022-09-05 14:34:52,E.coli MUG,110,בצת בריכה 2,בצת עכו,,
NS00000724,2022-09-05 14:34:52,קוליפורם צואתי,190,בצת בריכה 2,בצת עכו,,
NS00000724,2022-09-19 12:22:11,קוליפורם צואתי,<2,בצת בריכה 2,בצת עכו,,
NS00000724,2022-10-02 13:26:47,E.coli MUG,10,בצת בריכה 2,בצת עכו,,
NS00000724,2022-10-02 13:26:47,קוליפורם צואתי,10,בצת בריכה 2,בצת עכו,,
NS00000724,2022-10-19 13:09:30,E.coli MUG,30,בצת בריכה 2,בצת עכו,,
NS00000724,2022-10-19 13:09:30,קוליפורם צואתי,80,בצת בריכה 2,בצת עכו,,
NS00000724,2022-10-30 14:27:18,E.coli MUG,20,בצת בריכה 2,בצת עכו,,
NS00000724,2022-10-30 14:27:18,קוליפורם צואתי,20,בצת בריכה 2,בצת עכו,,
NS00000724,2022-11-21 15:48:05,E.coli MUG,10,בצת בריכה 2,בצת עכו,,
NS00000724,2022-11-21 15:48:05,קוליפורם צואתי,10,בצת בריכה 2,בצת עכו,,
NS00000724,2022-12-18 13:53:50,E.coli MUG,40,בצת בריכה 2,בצת עכו,,
NS00000724,2022-12-18 13:53:50,קוליפורם צואתי,40,בצת בריכה 2,בצת עכו,,
NS00000725,2022-03-29 14:10:49,E.coli MUG,170,בצת תפיסת אילון,בצת עכו,,
NS00000725,2022-03-29 14:10:49,קוליפורם צואתי,220,בצת תפיסת אילון,בצת עכו,,
NS00000725,2022-04-11 14:46:04,E.coli MUG,100,בצת תפיסת אילון,בצת עכו,,
NS00000725,2022-04-11 14:46:04,קוליפורם צואתי,130,בצת תפיסת אילון,בצת עכו,,
NS00000725,2022-04-25 00:00:00,E.coli MUG,60,בצת תפיסת אילון,בצת עכו,,
NS00000725,2022-04-25 00:00:00,קוליפורם צואתי,60,בצת תפיסת אילון,בצת עכו,,
NS00000725,2022-05-10 14:35:55,E.coli MUG,280,בצת תפיסת אילון,בצת עכו,,
NS00000725,2022-05-10 14:35:55,קוליפורם צואתי,280,בצת תפיסת אילון,בצת עכו,,
NS00000725,2022-05-23 13:28:03,E.coli MUG,90,בצת תפיסת אילון,בצת עכו,,
NS00000725,2022-05-23 13:28:03,קוליפורם צואתי,90,בצת תפיסת אילון,בצת עכו,,
NS00000725,2022-06-07 13:27:27,E.coli MUG,20,בצת תפיסת אילון,בצת עכו,,
NS00000725,2022-06-07 13:27:27,קוליפורם צואתי,40,בצת תפיסת אילון,בצת עכו,,
NS00000725,2022-06-20 15:12:51,E.coli MUG,10,בצת תפיסת אילון,בצת עכו,,
NS00000725,2022-06-20 15:12:51,קוליפורם צואתי,20,בצת תפיסת אילון,בצת עכו,,
NS00000725,2022-07-04 12:51:00,E.coli MUG,<2,בצת תפיסת אילון,בצת עכו,,
NS00000725,2022-07-04 12:51:00,קוליפורם צואתי,10,בצת תפיסת אילון,בצת עכו,,
NS00000725,2022-07-18 13:40:43,E.coli MUG,110,בצת תפיסת אילון,בצת עכו,,
NS00000725,2022-07-18 13:40:43,קוליפורם צואתי,140,בצת תפיסת אילון,בצת עכו,,
NS00000725,2022-08-01 13:00:13,E.coli MUG,90,בצת תפיסת אילון,בצת עכו,,
NS00000725,2022-08-01 13:00:13,קוליפורם צואתי,150,בצת תפיסת אילון,בצת עכו,,
NS00000725,2022-08-15 17:44:41,E.coli MUG,80,בצת תפיסת אילון,בצת עכו,,
NS00000725,2022-08-15 17:44:41,קוליפורם צואתי,100,בצת תפיסת אילון,בצת עכו,,
NS00000725,2022-08-29 12:58:10,E.coli MUG,560,בצת תפיסת אילון,בצת עכו,,
NS00000725,2022-08-29 12:58:10,קוליפורם צואתי,560,בצת תפיסת אילון,בצת עכו,,
NS00000725,2022-09-05 14:34:52,E.coli MUG,60,בצת תפיסת אילון,בצת עכו,,
NS00000725,2022-09-05 14:34:52,קוליפורם צואתי,160,בצת תפיסת אילון,בצת עכו,,
NS00000725,2022-09-19 12:22:11,E.coli MUG,110,בצת תפיסת אילון,בצת עכו,,
NS00000725,2022-09-19 12:22:11,קוליפורם צואתי,200,בצת תפיסת אילון,בצת עכו,,
NS00000725,2022-10-02 13:26:47,E.coli MUG,60,בצת תפיסת אילון,בצת עכו,,
NS00000725,2022-10-02 13:26:47,קוליפורם צואתי,110,בצת תפיסת אילון,בצת עכו,,
NS00000725,2022-10-19 13:09:30,E.coli MUG,150,בצת תפיסת אילון,בצת עכו,,
NS00000725,2022-10-19 13:09:30,קוליפורם צואתי,260,בצת תפיסת אילון,בצת עכו,,
NS00000725,2022-10-30 14:27:18,E.coli MUG,70,בצת תפיסת אילון,בצת עכו,,
NS00000725,2022-10-30 14:27:18,קוליפורם צואתי,150,בצת תפיסת אילון,בצת עכו,,
NS00000725,2022-11-21 15:48:05,E.coli MUG,40,בצת תפיסת אילון,בצת עכו,,
NS00000725,2022-11-21 15:48:05,קוליפורם צואתי,40,בצת תפיסת אילון,בצת עכו,,
NS00000725,2022-12-18 13:53:50,E.coli MUG,10,בצת תפיסת אילון,בצת עכו,,
NS00000725,2022-12-18 13:53:50,קוליפורם צואתי,20,בצת תפיסת אילון,בצת עכו,,
NS00000726,2022-03-29 14:10:49,E.coli MUG,90,געתון חניון אשחר,געתון,,
NS00000726,2022-03-29 14:10:49,קוליפורם צואתי,90,געתון חניון אשחר,געתון,,
NS00000726,2022-04-11 14:46:04,E.coli MUG,40,געתון חניון אשחר,געתון,,
NS00000726,2022-04-11 14:46:04,קוליפורם צואתי,70,געתון חניון אשחר,געתון,,
NS00000726,2022-04-25 00:00:00,E.coli MUG,40,געתון חניון אשחר,געתון,,
NS00000726,2022-04-25 00:00:00,קוליפורם צואתי,40,געתון חניון אשחר,געתון,,
NS00000726,2022-05-10 14:35:55,E.coli MUG,580,געתון חניון אשחר,געתון,,
NS00000726,2022-05-10 14:35:55,קוליפורם צואתי,580,געתון חניון אשחר,געתון,,
NS00000726,2022-05-23 13:28:03,E.coli MUG,1400,געתון חניון אשחר,געתון,,
NS00000726,2022-05-23 13:28:03,קוליפורם צואתי,1400,געתון חניון אשחר,געתון,,
NS00000726,2022-06-07 13:27:27,E.coli MUG,90,געתון חניון אשחר,געתון,,
NS00000726,2022-06-07 13:27:27,קוליפורם צואתי,90,געתון חניון אשחר,געתון,,
NS00000726,2022-06-20 15:12:51,E.coli MUG,30,געתון חניון אשחר,געתון,,
NS00000726,2022-06-20 15:12:51,קוליפורם צואתי,30,געתון חניון אשחר,געתון,,
NS00000726,2022-07-04 12:51:00,E.coli MUG,10,געתון חניון אשחר,געתון,,
NS00000726,2022-07-04 12:51:00,קוליפורם צואתי,10,געתון חניון אשחר,געתון,,
NS00000726,2022-07-18 13:40:43,E.coli MUG,<2,געתון חניון אשחר,געתון,,
NS00000726,2022-07-18 13:40:43,קוליפורם צואתי,10,געתון חניון אשחר,געתון,,
NS00000726,2022-08-01 13:00:13,E.coli MUG,20,געתון חניון אשחר,געתון,,
NS00000726,2022-08-01 13:00:13,קוליפורם צואתי,20,געתון חניון אשחר,געתון,,
NS00000726,2022-08-15 17:37:25,קוליפורם צואתי,<2,געתון חניון אשחר,געתון,,
NS00000726,2022-08-29 12:58:10,E.coli MUG,210,געתון חניון אשחר,געתון,,
NS00000726,2022-08-29 12:58:10,קוליפורם צואתי,290,געתון חניון אשחר,געתון,,
NS00000726,2022-09-05 14:34:52,E.coli MUG,230,געתון חניון אשחר,געתון,,
NS00000726,2022-09-05 14:34:52,קוליפורם צואתי,320,געתון חניון אשחר,געתון,,
NS00000726,2022-09-19 12:22:11,E.coli MUG,40,געתון חניון אשחר,געתון,,
NS00000726,2022-09-19 12:22:11,קוליפורם צואתי,80,געתון חניון אשחר,געתון,,
NS00000726,2022-10-02 13:26:47,E.coli MUG,10,געתון חניון אשחר,געתון,,
NS00000726,2022-10-02 13:26:47,קוליפורם צואתי,20,געתון חניון אשחר,געתון,,
NS00000726,2022-10-19 13:09:30,E.coli MUG,10,געתון חניון אשחר,געתון,,
NS00000726,2022-10-19 13:09:30,קוליפורם צואתי,40,געתון חניון אשחר,געתון,,
NS00000727,2022-03-29 14:10:49,E.coli MUG,40,געתון חניון חורבה,געתון,,
NS00000727,2022-03-29 14:10:49,קוליפורם צואתי,100,געתון חניון חורבה,געתון,,
NS00000727,2022-04-11 14:46:04,E.coli MUG,90,געתון חניון חורבה,געתון,,
NS00000727,2022-04-11 14:46:04,קוליפורם צואתי,130,געתון חניון חורבה,געתון,,
NS00000727,2022-04-25 00:00:00,E.coli MUG,100,געתון חניון חורבה,געתון,,
NS00000727,2022-04-25 00:00:00,קוליפורם צואתי,120,געתון חניון חורבה,געתון,,
NS00000727,2022-05-10 14:35:55,E.coli MUG,320,געתון חניון חורבה,געתון,,
NS00000727,2022-05-10 14:35:55,קוליפורם צואתי,320,געתון חניון חורבה,געתון,,
NS00000727,2022-05-23 13:28:03,E.coli MUG,1130,געתון חניון חורבה,געתון,,
NS00000727,2022-05-23 13:28:03,קוליפורם צואתי,1130,געתון חניון חורבה,געתון,,
NS00000727,2022-06-07 13:27:27,E.coli MUG,200,געתון חניון חורבה,געתון,,
NS00000727,2022-06-07 13:27:27,קוליפורם צואתי,210,געתון חניון חורבה,געתון,,
NS00000727,2022-06-20 15:12:51,E.coli MUG,180,געתון חניון חורבה,געתון,,
NS00000727,2022-06-20 15:12:51,קוליפורם צואתי,180,געתון חניון חורבה,געתון,,
NS00000727,2022-07-04 12:51:00,E.coli MUG,160,געתון חניון חורבה,געתון,,
NS00000727,2022-07-04 12:51:00,קוליפורם צואתי,200,געתון חניון חורבה,געתון,,
NS00000727,2022-07-18 13:40:43,E.coli MUG,560,געתון חניון חורבה,געתון,,
NS00000727,2022-07-18 13:40:43,קוליפורם צואתי,560,געתון חניון חורבה,געתון,,
NS00000727,2022-08-01 13:00:13,E.coli MUG,200,געתון חניון חורבה,געתון,,
NS00000727,2022-08-01 13:00:13,קוליפורם צואתי,440,געתון חניון חורבה,געתון,,
NS00000727,2022-08-15 17:37:25,E.coli MUG,170,געתון חניון חורבה,געתון,,
NS00000727,2022-08-15 17:37:25,קוליפורם צואתי,250,געתון חניון חורבה,געתון,,
NS00000727,2022-08-29 12:58:10,E.coli MUG,230,געתון חניון חורבה,געתון,,
NS00000727,2022-08-29 12:58:10,קוליפורם צואתי,380,געתון חניון חורבה,געתון,,
NS00000727,2022-09-05 14:34:52,E.coli MUG,270,געתון חניון חורבה,געתון,,
NS00000727,2022-09-05 14:34:52,קוליפורם צואתי,620,געתון חניון חורבה,געתון,,
NS00000727,2022-09-19 12:22:11,E.coli MUG,1150,געתון חניון חורבה,געתון,,
NS00000727,2022-09-19 12:22:11,קוליפורם צואתי,1150,געתון חניון חורבה,געתון,,
NS00000727,2022-10-02 13:26:47,E.coli MUG,260,געתון חניון חורבה,געתון,,
NS00000727,2022-10-02 13:26:47,קוליפורם צואתי,450,געתון חניון חורבה,געתון,,
NS00000727,2022-10-19 13:09:30,E.coli MUG,250,געתון חניון חורבה,געתון,,
NS00000727,2022-10-19 13:09:30,קוליפורם צואתי,630,געתון חניון חורבה,געתון,,
NS00000732,2022-03-29 14:10:49,E.coli MUG,200,צלמון תחנת קמח,צלמון,,
NS00000732,2022-03-29 14:10:49,קוליפורם צואתי,220,צלמון תחנת קמח,צלמון,,
NS00000732,2022-04-11 14:46:04,E.coli MUG,130,צלמון תחנת קמח,צלמון,,
NS00000732,2022-04-11 14:46:04,קוליפורם צואתי,160,צלמון תחנת קמח,צלמון,,
NS00000732,2022-04-25 00:00:00,E.coli MUG,250,צלמון תחנת קמח,צלמון,,
NS00000732,2022-04-25 00:00:00,קוליפורם צואתי,410,צלמון תחנת קמח,צלמון,,
NS00000732,2022-05-10 14:35:55,E.coli MUG,560,צלמון תחנת קמח,צלמון,,
NS00000732,2022-05-10 14:35:55,קוליפורם צואתי,560,צלמון תחנת קמח,צלמון,,
NS00000732,2022-05-23 13:28:03,E.coli MUG,240,צלמון תחנת קמח,צלמון,,
NS00000732,2022-05-23 13:28:03,קוליפורם צואתי,240,צלמון תחנת קמח,צלמון,,
NS00000732,2022-06-07 13:27:27,E.coli MUG,380,צלמון תחנת קמח,צלמון,,
NS00000732,2022-06-07 13:27:27,קוליפורם צואתי,380,צלמון תחנת קמח,צלמון,,
NS00000732,2022-06-20 15:12:51,E.coli MUG,1100,צלמון תחנת קמח,צלמון,,
NS00000732,2022-06-20 15:12:51,קוליפורם צואתי,1100,צלמון תחנת קמח,צלמון,,
NS00000732,2022-07-04 12:51:00,E.coli MUG,1250,צלמון תחנת קמח,צלמון,,
NS00000732,2022-07-04 12:51:00,קוליפורם צואתי,1250,צלמון תחנת קמח,צלמון,,
NS00000732,2022-07-18 13:40:43,E.coli MUG,1200,צלמון תחנת קמח,צלמון,,
NS00000732,2022-07-18 13:40:43,קוליפורם צואתי,1200,צלמון תחנת קמח,צלמון,,
NS00000732,2022-08-01 13:00:13,E.coli MUG,630,צלמון תחנת קמח,צלמון,,
NS00000732,2022-08-01 13:00:13,קוליפורם צואתי,630,צלמון תחנת קמח,צלמון,,
NS00000732,2022-08-15 17:37:25,E.coli MUG,1900,צלמון תחנת קמח,צלמון,,
NS00000732,2022-08-15 17:37:25,קוליפורם צואתי,1900,צלמון תחנת קמח,צלמון,,
NS00000732,2022-08-29 12:58:10,E.coli MUG,2500,צלמון תחנת קמח,צלמון,,
NS00000732,2022-08-29 12:58:10,קוליפורם צואתי,2500,צלמון תחנת קמח,צלמון,,
NS00000732,2022-09-05 14:34:52,E.coli MUG,980,צלמון תחנת קמח,צלמון,,
NS00000732,2022-09-05 14:34:52,קוליפורם צואתי,980,צלמון תחנת קמח,צלמון,,
NS00000732,2022-09-19 12:22:11,E.coli MUG,1550,צלמון תחנת קמח,צלמון,,
NS00000732,2022-09-19 12:22:11,קוליפורם צואתי,1550,צלמון תחנת קמח,צלמון,,
NS00000732,2022-10-02 13:26:47,E.coli MUG,1720,צלמון תחנת קמח,צלמון,,
NS00000732,2022-10-02 13:26:47,קוליפורם צואתי,1720,צלמון תחנת קמח,צלמון,,
NS00000732,2022-10-18 11:45:04,E.coli MUG,900,צלמון תחנת קמח,צלמון,,
NS00000732,2022-10-18 11:45:04,קוליפורם צואתי,900,צלמון תחנת קמח,צלמון,,
NS00000732,2022-10-30 14:27:18,E.coli MUG,4800,צלמון תחנת קמח,צלמון,,
NS00000732,2022-10-30 14:27:18,קוליפורם צואתי,4800,צלמון תחנת קמח,צלמון,,
NS00000732,2022-11-21 15:48:05,E.coli MUG,270,צלמון תחנת קמח,צלמון,,
NS00000732,2022-11-21 15:48:05,קוליפורם צואתי,300,צלמון תחנת קמח,צלמון,,
NS00000732,2022-12-18 13:53:50,E.coli MUG,110,צלמון תחנת קמח,צלמון,,
NS00000732,2022-12-18 13:53:50,קוליפורם צואתי,160,צלמון תחנת קמח,צלמון,,
NS00000734,2022-03-29 14:10:49,קוליפורם צואתי,<2,צלמון ראש המעיין,צלמון,,
NS00000734,2022-04-25 00:00:00,קוליפורם צואתי,<2,צלמון ראש המעיין,צלמון,,
NS00000734,2022-05-10 14:35:55,E.coli MUG,<1,צלמון ראש המעיין,צלמון,,
NS00000734,2022-05-10 14:35:55,קוליפורם צואתי,90,צלמון ראש המעיין,צלמון,,
NS00000734,2022-05-23 13:28:03,E.coli MUG,<1,צלמון ראש המעיין,צלמון,,
NS00000734,2022-05-23 13:28:03,קוליפורם צואתי,<10,צלמון ראש המעיין,צלמון,,
NS00000734,2022-06-07 13:27:27,E.coli MUG,<1,צלמון ראש המעיין,צלמון,,
NS00000734,2022-06-07 13:27:27,קוליפורם צואתי,<1,צלמון ראש המעיין,צלמון,,
NS00000734,2022-06-20 15:12:51,E.coli MUG,20,צלמון ראש המעיין,צלמון,,
NS00000734,2022-06-20 15:12:51,קוליפורם צואתי,20,צלמון ראש המעיין,צלמון,,
NS00000734,2022-07-04 12:51:00,E.coli MUG,10,צלמון ראש המעיין,צלמון,,
NS00000734,2022-07-04 12:51:00,קוליפורם צואתי,10,צלמון ראש המעיין,צלמון,,
NS00000734,2022-07-18 13:40:43,E.coli MUG,20,צלמון ראש המעיין,צלמון,,
NS00000734,2022-07-18 13:40:43,קוליפורם צואתי,20,צלמון ראש המעיין,צלמון,,
NS00000734,2022-08-01 13:00:13,E.coli MUG,10,צלמון ראש המעיין,צלמון,,
NS00000734,2022-08-01 13:00:13,קוליפורם צואתי,10,צלמון ראש המעיין,צלמון,,
NS00000734,2022-08-15 17:37:25,E.coli MUG,20,צלמון ראש המעיין,צלמון,,
NS00000734,2022-08-15 17:37:25,קוליפורם צואתי,20,צלמון ראש המעיין,צלמון,,
NS00000734,2022-08-29 12:58:10,קוליפורם צואתי,<2,צלמון ראש המעיין,צלמון,,
NS00000734,2022-09-05 14:34:52,E.coli MUG,10,צלמון ראש המעיין,צלמון,,
NS00000734,2022-09-05 14:34:52,קוליפורם צואתי,20,צלמון ראש המעיין,צלמון,,
NS00000734,2022-09-19 12:22:11,E.coli MUG,60,צלמון ראש המעיין,צלמון,,
NS00000734,2022-09-19 12:22:11,קוליפורם צואתי,60,צלמון ראש המעיין,צלמון,,
NS00000734,2022-10-02 13:26:47,קוליפורם צואתי,<2,צלמון ראש המעיין,צלמון,,
NS00000734,2022-10-18 11:45:04,E.coli MUG,10,צלמון ראש המעיין,צלמון,,
NS00000734,2022-10-18 11:45:04,קוליפורם צואתי,310,צלמון ראש המעיין,צלמון,,
NS00000734,2022-10-30 14:27:18,קוליפורם צואתי,<2,צלמון ראש המעיין,צלמון,,
NS00000734,2022-11-21 15:48:05,E.coli MUG,10,צלמון ראש המעיין,צלמון,,
NS00000734,2022-11-21 15:48:05,קוליפורם צואתי,10,צלמון ראש המעיין,צלמון,,
NS00001767,2022-03-29 14:10:49,E.coli MUG,220,צלמון ברכת חרוב,צלמון,,
NS00001767,2022-03-29 14:10:49,קוליפורם צואתי,220,צלמון ברכת חרוב,צלמון,,
NS00001767,2022-04-11 14:46:04,E.coli MUG,110,צלמון ברכת חרוב,צלמון,,
NS00001767,2022-04-11 14:46:04,קוליפורם צואתי,130,צלמון ברכת חרוב,צלמון,,
NS00001767,2022-04-25 00:00:00,E.coli MUG,100,צלמון ברכת חרוב,צלמון,,
NS00001767,2022-04-25 00:00:00,קוליפורם צואתי,150,צלמון ברכת חרוב,צלמון,,
NS00001767,2022-05-10 14:35:55,E.coli MUG,530,צלמון ברכת חרוב,צלמון,,
NS00001767,2022-05-10 14:35:55,קוליפורם צואתי,530,צלמון ברכת חרוב,צלמון,,
NS00001767,2022-05-23 13:28:03,E.coli MUG,190,צלמון ברכת חרוב,צלמון,,
NS00001767,2022-05-23 13:28:03,קוליפורם צואתי,190,צלמון ברכת חרוב,צלמון,,
NS00001767,2022-06-07 13:27:27,E.coli MUG,300,צלמון ברכת חרוב,צלמון,,
NS00001767,2022-06-07 13:27:27,קוליפורם צואתי,300,צלמון ברכת חרוב,צלמון,,
NS00001767,2022-06-20 15:12:51,E.coli MUG,300,צלמון ברכת חרוב,צלמון,,
NS00001767,2022-06-20 15:12:51,קוליפורם צואתי,300,צלמון ברכת חרוב,צלמון,,
NS00001767,2022-07-04 12:51:00,E.coli MUG,1200,צלמון ברכת חרוב,צלמון,,
NS00001767,2022-07-04 12:51:00,קוליפורם צואתי,1200,צלמון ברכת חרוב,צלמון,,
NS00001767,2022-07-18 13:40:43,E.coli MUG,600,צלמון ברכת חרוב,צלמון,,
NS00001767,2022-07-18 13:40:43,קוליפורם צואתי,620,צלמון ברכת חרוב,צלמון,,
NS00001767,2022-08-01 13:00:13,E.coli MUG,500,צלמון ברכת חרוב,צלמון,,
NS00001767,2022-08-01 13:00:13,קוליפורם צואתי,540,צלמון ברכת חרוב,צלמון,,
NS00001767,2022-08-15 17:37:25,E.coli MUG,900,צלמון ברכת חרוב,צלמון,,
NS00001767,2022-08-15 17:37:25,קוליפורם צואתי,900,צלמון ברכת חרוב,צלמון,,
NS00001767,2022-08-29 12:58:10,E.coli MUG,1500,צלמון ברכת חרוב,צלמון,,
NS00001767,2022-08-29 12:58:10,קוליפורם צואתי,1500,צלמון ברכת חרוב,צלמון,,
NS00001767,2022-09-05 14:34:52,E.coli MUG,850,צלמון ברכת חרוב,צלמון,,
NS00001767,2022-09-05 14:34:52,קוליפורם צואתי,850,צלמון ברכת חרוב,צלמון,,
NS00001767,2022-09-19 12:22:11,E.coli MUG,1300,צלמון ברכת חרוב,צלמון,,
NS00001767,2022-09-19 12:22:11,קוליפורם צואתי,1300,צלמון ברכת חרוב,צלמון,,
NS00001767,2022-10-02 13:26:47,E.coli MUG,1620,צלמון ברכת חרוב,צלמון,,
NS00001767,2022-10-02 13:26:47,קוליפורם צואתי,1620,צלמון ברכת חרוב,צלמון,,
NS00001767,2022-10-18 11:45:04,E.coli MUG,900,צלמון ברכת חרוב,צלמון,,
NS00001767,2022-10-18 11:45:04,קוליפורם צואתי,900,צלמון ברכת חרוב,צלמון,,
NS00001767,2022-10-30 14:27:18,E.coli MUG,400,צלמון ברכת חרוב,צלמון,,
NS00001767,2022-10-30 14:27:18,קוליפורם צואתי,470,צלמון ברכת חרוב,צלמון,,
NS00001767,2022-11-21 15:48:05,E.coli MUG,280,צלמון ברכת חרוב,צלמון,,
NS00001767,2022-11-21 15:48:05,קוליפורם צואתי,390,צלמון ברכת חרוב,צלמון,,
NS00001767,2022-12-18 13:53:50,E.coli MUG,50,צלמון ברכת חרוב,צלמון,,
NS00001767,2022-12-18 13:53:50,קוליפורם צואתי,60,צלמון ברכת חרוב,צלמון,,
NS00000730,2022-03-29 14:10:49,E.coli MUG,110,כזיב בריכת הדלבים,כזיב,,
NS00000730,2022-03-29 14:10:49,קוליפורם צואתי,110,כזיב בריכת הדלבים,כזיב,,
NS00000730,2022-04-11 14:46:04,E.coli MUG,40,כזיב בריכת הדלבים,כזיב,,
NS00000730,2022-04-11 14:46:04,קוליפורם צואתי,80,כזיב בריכת הדלבים,כזיב,,
NS00000730,2022-04-25 00:00:00,E.coli MUG,70,כזיב בריכת הדלבים,כזיב,,
NS00000730,2022-04-25 00:00:00,קוליפורם צואתי,90,כזיב בריכת הדלבים,כזיב,,
NS00000730,2022-05-10 14:35:55,E.coli MUG,20,כזיב בריכת הדלבים,כזיב,,
NS00000730,2022-05-10 14:35:55,קוליפורם צואתי,60,כזיב בריכת הדלבים,כזיב,,
NS00000730,2022-05-23 13:28:03,E.coli MUG,80,כזיב בריכת הדלבים,כזיב,,
NS00000730,2022-05-23 13:28:03,קוליפורם צואתי,140,כזיב בריכת הדלבים,כזיב,,
NS00000730,2022-06-07 13:27:27,E.coli MUG,120,כזיב בריכת הדלבים,כזיב,,
NS00000730,2022-06-07 13:27:27,קוליפורם צואתי,120,כזיב בריכת הדלבים,כזיב,,
NS00000730,2022-06-20 15:12:51,E.coli MUG,120,כזיב בריכת הדלבים,כזיב,,
NS00000730,2022-06-20 15:12:51,קוליפורם צואתי,120,כזיב בריכת הדלבים,כזיב,,
NS00000730,2022-07-04 12:51:00,E.coli MUG,60,כזיב בריכת הדלבים,כזיב,,
NS00000730,2022-07-04 12:51:00,קוליפורם צואתי,90,כזיב בריכת הדלבים,כזיב,,
NS00000730,2022-08-01 13:00:13,E.coli MUG,90,כזיב בריכת הדלבים,כזיב,,
NS00000730,2022-08-01 13:00:13,קוליפורם צואתי,120,כזיב בריכת הדלבים,כזיב,,
NS00000730,2022-08-15 17:37:25,E.coli MUG,90,כזיב בריכת הדלבים,כזיב,,
NS00000730,2022-08-15 17:37:25,קוליפורם צואתי,140,כזיב בריכת הדלבים,כזיב,,
NS00000730,2022-08-29 12:58:10,E.coli MUG,160,כזיב בריכת הדלבים,כזיב,,
NS00000730,2022-08-29 12:58:10,קוליפורם צואתי,390,כזיב בריכת הדלבים,כזיב,,
NS00000730,2022-09-05 14:34:52,E.coli MUG,820,כזיב בריכת הדלבים,כזיב,,
NS00000730,2022-09-05 14:34:52,קוליפורם צואתי,820,כזיב בריכת הדלבים,כזיב,,
NS00000730,2022-09-19 12:22:11,E.coli MUG,320,כזיב בריכת הדלבים,כזיב,,
NS00000730,2022-09-19 12:22:11,קוליפורם צואתי,560,כזיב בריכת הדלבים,כזיב,,
NS00000730,2022-10-02 13:26:47,E.coli MUG,60,כזיב בריכת הדלבים,כזיב,,
NS00000730,2022-10-02 13:26:47,קוליפורם צואתי,210,כזיב בריכת הדלבים,כזיב,,
NS00000730,2022-10-18 11:45:04,E.coli MUG,150,כזיב בריכת הדלבים,כזיב,,
NS00000730,2022-10-18 11:45:04,קוליפורם צואתי,250,כזיב בריכת הדלבים,כזיב,,
NS00000730,2022-10-30 14:27:18,E.coli MUG,30,כזיב בריכת הדלבים,כזיב,,
NS00000730,2022-10-30 14:27:18,קוליפורם צואתי,90,כזיב בריכת הדלבים,כזיב,,
NS00000730,2022-11-21 15:48:05,E.coli MUG,40,כזיב בריכת הדלבים,כזיב,,
NS00000730,2022-11-21 15:48:05,קוליפורם צואתי,40,כזיב בריכת הדלבים,כזיב,,
NS00000730,2022-12-18 13:53:50,E.coli MUG,240,כזיב בריכת הדלבים,כזיב,,
NS00000730,2022-12-18 13:53:50,קוליפורם צואתי,240,כזיב בריכת הדלבים,כזיב,,
NS00000731,2022-03-29 14:10:49,E.coli MUG,50,כזיב בריכת עין תמיר,כזיב,,
NS00000731,2022-03-29 14:10:49,קוליפורם צואתי,60,כזיב בריכת עין תמיר,כזיב,,
NS00000731,2022-04-11 14:46:04,E.coli MUG,40,כזיב בריכת עין תמיר,כזיב,,
NS00000731,2022-04-11 14:46:04,קוליפורם צואתי,40,כזיב בריכת עין תמיר,כזיב,,
NS00000731,2022-04-25 00:00:00,E.coli MUG,30,כזיב בריכת עין תמיר,כזיב,,
NS00000731,2022-04-25 00:00:00,קוליפורם צואתי,30,כזיב בריכת עין תמיר,כזיב,,
NS00000731,2022-05-10 14:35:55,E.coli MUG,90,כזיב בריכת עין תמיר,כזיב,,
NS00000731,2022-05-10 14:35:55,קוליפורם צואתי,180,כזיב בריכת עין תמיר,כזיב,,
NS00000731,2022-05-23 13:28:03,E.coli MUG,160,כזיב בריכת עין תמיר,כזיב,,
NS00000731,2022-05-23 13:28:03,קוליפורם צואתי,160,כזיב בריכת עין תמיר,כזיב,,
NS00000731,2022-06-07 13:27:27,E.coli MUG,60,כזיב בריכת עין תמיר,כזיב,,
NS00000731,2022-06-07 13:27:27,קוליפורם צואתי,60,כזיב בריכת עין תמיר,כזיב,,
NS00000731,2022-06-20 15:12:51,E.coli MUG,220,כזיב בריכת עין תמיר,כזיב,,
NS00000731,2022-06-20 15:12:51,קוליפורם צואתי,220,כזיב בריכת עין תמיר,כזיב,,
NS00000731,2022-07-04 12:51:00,E.coli MUG,100,כזיב בריכת עין תמיר,כזיב,,
NS00000731,2022-07-04 12:51:00,קוליפורם צואתי,110,כזיב בריכת עין תמיר,כזיב,,
NS00000731,2022-08-01 13:00:13,E.coli MUG,140,כזיב בריכת עין תמיר,כזיב,,
NS00000731,2022-08-01 13:00:13,קוליפורם צואתי,160,כזיב בריכת עין תמיר,כזיב,,
NS00000731,2022-08-15 17:37:25,E.coli MUG,60,כזיב בריכת עין תמיר,כזיב,,
NS00000731,2022-08-15 17:37:25,קוליפורם צואתי,70,כזיב בריכת עין תמיר,כזיב,,
NS00000731,2022-08-29 12:58:10,E.coli MUG,6,כזיב בריכת עין תמיר,כזיב,,
NS00000731,2022-08-29 12:58:10,קוליפורם צואתי,370,כזיב בריכת עין תמיר,כזיב,,
NS00000731,2022-09-05 14:34:52,E.coli MUG,2200,כזיב בריכת עין תמיר,כזיב,,
NS00000731,2022-09-05 14:34:52,קוליפורם צואתי,2200,כזיב בריכת עין תמיר,כזיב,,
NS00000731,2022-09-19 12:22:11,E.coli MUG,170,כזיב בריכת עין תמיר,כזיב,,
NS00000731,2022-09-19 12:22:11,קוליפורם צואתי,270,כזיב בריכת עין תמיר,כזיב,,
NS00000731,2022-10-02 13:26:47,E.coli MUG,30,כזיב בריכת עין תמיר,כזיב,,
NS00000731,2022-10-02 13:26:47,קוליפורם צואתי,120,כזיב בריכת עין תמיר,כזיב,,
NS00000731,2022-10-18 11:45:04,E.coli MUG,50,כזיב בריכת עין תמיר,כזיב,,
NS00000731,2022-10-18 11:45:04,קוליפורם צואתי,80,כזיב בריכת עין תמיר,כזיב,,
NS00000731,2022-10-30 14:27:18,E.coli MUG,50,כזיב בריכת עין תמיר,כזיב,,
NS00000731,2022-10-30 14:27:18,קוליפורם צואתי,100,כזיב בריכת עין תמיר,כזיב,,
NS00000731,2022-11-21 15:48:05,E.coli MUG,40,כזיב בריכת עין תמיר,כזיב,,
NS00000731,2022-11-21 15:48:05,קוליפורם צואתי,50,כזיב בריכת עין תמיר,כזיב,,
NS00000731,2022-12-18 13:53:50,E.coli MUG,50,כזיב בריכת עין תמיר,כזיב,,
NS00000731,2022-12-18 13:53:50,קוליפורם צואתי,50,כזיב בריכת עין תמיר,כזיב,,
NS00002002,2022-03-29 14:10:49,E.coli MUG,30,כזיב עין זיו,כזיב,,
NS00002002,2022-03-29 14:10:49,קוליפורם צואתי,30,כזיב עין זיו,כזיב,,
NS00002002,2022-04-11 14:46:04,E.coli MUG,<1,כזיב עין זיו,כזיב,,
NS00002002,2022-04-11 14:46:04,קוליפורם צואתי,<2,כזיב עין זיו,כזיב,,
NS00002002,2022-04-25 00:00:00,E.coli MUG,20,כזיב עין זיו,כזיב,,
NS00002002,2022-04-25 00:00:00,קוליפורם צואתי,20,כזיב עין זיו,כזיב,,
NS00002002,2022-05-10 14:35:55,קוליפורם צואתי,<10,כזיב עין זיו,כזיב,,
NS00002002,2022-05-23 13:28:03,E.coli MUG,70,כזיב עין זיו,כזיב,,
NS00002002,2022-05-23 13:28:03,קוליפורם צואתי,110,כזיב עין זיו,כזיב,,
NS00002002,2022-06-07 13:27:27,E.coli MUG,10,כזיב עין זיו,כזיב,,
NS00002002,2022-06-07 13:27:27,קוליפורם צואתי,10,כזיב עין זיו,כזיב,,
NS00002002,2022-06-20 15:12:51,E.coli MUG,40,כזיב עין זיו,כזיב,,
NS00002002,2022-06-20 15:12:51,קוליפורם צואתי,40,כזיב עין זיו,כזיב,,
NS00002002,2022-07-04 12:51:00,קוליפורם צואתי,<1,כזיב עין זיו,כזיב,,
NS00002002,2022-07-18 13:40:43,E.coli MUG,60,כזיב עין זיו,כזיב,,
NS00002002,2022-07-18 13:40:43,קוליפורם צואתי,60,כזיב עין זיו,כזיב,,
NS00002002,2022-08-01 13:00:13,E.coli MUG,10,כזיב עין זיו,כזיב,,
NS00002002,2022-08-01 13:00:13,קוליפורם צואתי,10,כזיב עין זיו,כזיב,,
NS00002002,2022-08-15 17:37:25,קוליפורם צואתי,<2,כזיב עין זיו,כזיב,,
NS00002002,2022-08-29 12:58:10,E.coli MUG,100,כזיב עין זיו,כזיב,,
NS00002002,2022-08-29 12:58:10,קוליפורם צואתי,110,כזיב עין זיו,כזיב,,
NS00002002,2022-09-05 14:34:52,E.coli MUG,20,כזיב עין זיו,כזיב,,
NS00002002,2022-09-05 14:34:52,קוליפורם צואתי,30,כזיב עין זיו,כזיב,,
NS00002002,2022-09-19 12:22:11,E.coli MUG,70,כזיב עין זיו,כזיב,,
NS00002002,2022-09-19 12:22:11,קוליפורם צואתי,130,כזיב עין זיו,כזיב,,
NS00002002,2022-10-02 13:26:47,E.coli MUG,30,כזיב עין זיו,כזיב,,
NS00002002,2022-10-02 13:26:47,קוליפורם צואתי,50,כזיב עין זיו,כזיב,,
NS00002002,2022-10-18 11:45:04,E.coli MUG,10,כזיב עין זיו,כזיב,,
NS00002002,2022-10-18 11:45:04,קוליפורם צואתי,10,כזיב עין זיו,כזיב,,
NS00002002,2022-10-30 14:27:18,קוליפורם צואתי,<2,כזיב עין זיו,כזיב,,
NS00002002,2022-11-21 15:48:05,E.coli MUG,30,כזיב עין זיו,כזיב,,
NS00002002,2022-11-21 15:48:05,קוליפורם צואתי,30,כזיב עין זיו,כזיב,,
NS00002002,2022-12-18 13:53:50,E.coli MUG,10,כזיב עין זיו,כזיב,,
NS00002002,2022-12-18 13:53:50,קוליפורם צואתי,10,כזיב עין זיו,כזיב,,
NS00002003,2022-03-29 14:10:49,E.coli MUG,60,כזיב חרדלית,כזיב,,
NS00002003,2022-03-29 14:10:49,קוליפורם צואתי,70,כזיב חרדלית,כזיב,,
NS00002003,2022-04-11 14:46:04,E.coli MUG,<1,כזיב חרדלית,כזיב,,
NS00002003,2022-04-11 14:46:04,קוליפורם צואתי,<2,כזיב חרדלית,כזיב,,
NS00002003,2022-04-25 00:00:00,E.coli MUG,660,כזיב חרדלית,כזיב,,
NS00002003,2022-04-25 00:00:00,קוליפורם צואתי,660,כזיב חרדלית,כזיב,,
NS00002003,2022-05-10 14:35:55,קוליפורם צואתי,<10,כזיב חרדלית,כזיב,,
NS00002003,2022-05-23 13:28:03,E.coli MUG,170,כזיב חרדלית,כזיב,,
NS00002003,2022-05-23 13:28:03,קוליפורם צואתי,170,כזיב חרדלית,כזיב,,
NS00002003,2022-06-07 13:27:27,E.coli MUG,250,כזיב חרדלית,כזיב,,
NS00002003,2022-06-07 13:27:27,קוליפורם צואתי,270,כזיב חרדלית,כזיב,,
NS00002003,2022-06-20 15:12:51,E.coli MUG,900,כזיב חרדלית,כזיב,,
NS00002003,2022-06-20 15:12:51,קוליפורם צואתי,900,כזיב חרדלית,כזיב,,
NS00002003,2022-07-04 12:51:00,E.coli MUG,240,כזיב חרדלית,כזיב,,
NS00002003,2022-07-04 12:51:00,קוליפורם צואתי,240,כזיב חרדלית,כזיב,,
NS00002003,2022-07-18 13:40:43,E.coli MUG,120,כזיב חרדלית,כזיב,,
NS00002003,2022-07-18 13:40:43,קוליפורם צואתי,170,כזיב חרדלית,כזיב,,
NS00002003,2022-08-01 13:00:13,E.coli MUG,50,כזיב חרדלית,כזיב,,
NS00002003,2022-08-01 13:00:13,קוליפורם צואתי,120,כזיב חרדלית,כזיב,,
NS00002003,2022-08-15 17:37:25,E.coli MUG,320,כזיב חרדלית,כזיב,,
NS00002003,2022-08-15 17:37:25,קוליפורם צואתי,460,כזיב חרדלית,כזיב,,
NS00002003,2022-08-29 12:58:10,E.coli MUG,350,כזיב חרדלית,כזיב,,
NS00002003,2022-08-29 12:58:10,קוליפורם צואתי,540,כזיב חרדלית,כזיב,,
NS00002003,2022-09-05 14:34:52,E.coli MUG,70,כזיב חרדלית,כזיב,,
NS00002003,2022-09-05 14:34:52,קוליפורם צואתי,400,כזיב חרדלית,כזיב,,
NS00002003,2022-09-19 12:22:11,E.coli MUG,150,כזיב חרדלית,כזיב,,
NS00002003,2022-09-19 12:22:11,קוליפורם צואתי,200,כזיב חרדלית,כזיב,,
NS00002003,2022-10-02 13:26:47,E.coli MUG,160,כזיב חרדלית,כזיב,,
NS00002003,2022-10-02 13:26:47,קוליפורם צואתי,300,כזיב חרדלית,כזיב,,
NS00002003,2022-10-18 11:45:04,E.coli MUG,140,כזיב חרדלית,כזיב,,
NS00002003,2022-10-18 11:45:04,קוליפורם צואתי,210,כזיב חרדלית,כזיב,,
NS00002003,2022-10-30 14:27:18,E.coli MUG,120,כזיב חרדלית,כזיב,,
NS00002003,2022-10-30 14:27:18,קוליפורם צואתי,140,כזיב חרדלית,כזיב,,
NS00002003,2022-11-21 15:48:05,E.coli MUG,30,כזיב חרדלית,כזיב,,
NS00002003,2022-11-21 15:48:05,קוליפורם צואתי,30,כזיב חרדלית,כזיב,,
NS00002003,2022-12-18 13:53:50,E.coli MUG,170,כזיב חרדלית,כזיב,,
NS00002003,2022-12-18 13:53:50,קוליפורם צואתי,280,כזיב חרדלית,כזיב,,
NS00000736,2022-07-27 13:20:13,E.coli MUG,3300,גשר כביש 70,נחל צפורי,,
NS00000736,2022-07-27 13:20:13,קוליפורם צואתי,3300,גשר כביש 70,נחל צפורי,,
NS00000736,2022-11-20 11:41:22,E.coli MUG,2800,גשר כביש 70,נחל צפורי,,
NS00000736,2022-11-20 11:41:22,קוליפורם צואתי,2800,גשר כביש 70,נחל צפורי,,
NS00000738,2022-07-27 13:20:13,E.coli MUG,2800,חיבור עלי אסמעיל מגדוב,נחל צפורי,,
NS00000738,2022-07-27 13:20:13,קוליפורם צואתי,2800,חיבור עלי אסמעיל מגדוב,נחל צפורי,,
NS00001716,2022-07-27 13:20:13,E.coli MUG,4000,תחנת הנזירים,נחל צפורי,,
NS00001716,2022-07-27 13:20:13,קוליפורם צואתי,4000,תחנת הנזירים,נחל צפורי,,
NS00001716,2022-11-20 11:41:22,E.coli MUG,800,תחנת הנזירים,נחל צפורי,,
NS00001716,2022-11-20 11:41:22,קוליפורם צואתי,1060,תחנת הנזירים,נחל צפורי,,
NS00002014,2022-01-04 12:38:35,קוליפורם צואתי,פלטה מכוסה,נחל חדרה - נקודת שאיבה מאגר 5,גן שמואל,,
NS00002014,2022-01-16 14:43:51,קוליפורם צואתי,44000,נחל חדרה - נקודת שאיבה מאגר 5,גן שמואל,,
NS00002014,2022-01-18 12:01:33,קוליפורם צואתי,250000,נחל חדרה - נקודת שאיבה מאגר 5,גן שמואל,,
NS00002014,2022-02-02 07:32:25,קוליפורם צואתי,2000,נחל חדרה - נקודת שאיבה מאגר 5,גן שמואל,,
NS00002014,2022-02-22 11:50:57,קוליפורם צואתי,1000,נחל חדרה - נקודת שאיבה מאגר 5,גן שמואל,,
NS00002014,2022-03-10 12:05:06,קוליפורם צואתי,פלטה מכוסה,נחל חדרה - נקודת שאיבה מאגר 5,גן שמואל,,
NS00002014,2022-05-31 12:04:11,קוליפורם צואתי,380,נחל חדרה - נקודת שאיבה מאגר 5,גן שמואל,,
NS00001652,2022-08-14 14:16:00,קוליפורם צואתי,50,בריכת תמר,עינות צוקים,,
NS00001653,2022-02-07 14:14:00,קוליפורם צואתי,<10,כיסון,עינות צוקים,,
NS00001653,2022-03-15 14:31:37,קוליפורם צואתי,40,כיסון,עינות צוקים,,
NS00001653,2022-04-11 13:29:46,קוליפורם צואתי,60,כיסון,עינות צוקים,,
NS00001653,2022-06-13 15:56:11,קוליפורם צואתי,<10,כיסון,עינות צוקים,,
NS00001653,2022-08-14 14:16:00,קוליפורם צואתי,90,כיסון,עינות צוקים,,
NS00001653,2022-09-11 11:45:29,קוליפורם צואתי,180,כיסון,עינות צוקים,,
NS00001653,2022-11-07 14:50:42,קוליפורם צואתי,20,כיסון,עינות צוקים,,
NS00001655,2022-04-11 13:29:46,קוליפורם צואתי,<10,מעיין שולמית,מעיין שולמית,,
NS00001655,2022-09-11 11:45:29,קוליפורם צואתי,1,מעיין שולמית,מעיין שולמית,,
NS00001644,2022-02-07 14:12:00,קוליפורם צואתי,500,נחל דוד א',נחל דוד,,
NS00001644,2022-04-11 13:29:46,קוליפורם צואתי,5000,נחל דוד א',נחל דוד,,
NS00001644,2022-06-13 15:56:11,קוליפורם צואתי,2500,נחל דוד א',נחל דוד,,
NS00001644,2022-09-11 11:45:29,קוליפורם צואתי,200,נחל דוד א',נחל דוד,,
NS00001644,2022-11-07 14:43:06,קוליפורם צואתי,2800,נחל דוד א',נחל דוד,,
NS00001645,2022-02-07 14:12:00,קוליפורם צואתי,1900,נחל דוד ב',נחל דוד,,
NS00001645,2022-04-11 13:29:46,קוליפורם צואתי,12000,נחל דוד ב',נחל דוד,,
NS00001645,2022-06-13 15:56:11,קוליפורם צואתי,>10000,נחל דוד ב',נחל דוד,,
NS00001645,2022-09-11 11:45:29,קוליפורם צואתי,800,נחל דוד ב',נחל דוד,,
NS00001645,2022-11-07 14:43:06,קוליפורם צואתי,9000,נחל דוד ב',נחל דוד,,
NS00001646,2022-02-07 14:12:00,קוליפורם צואתי,270,נחל ערוגות א',נחל ערוגות,,
NS00001646,2022-04-11 13:29:46,קוליפורם צואתי,200,נחל ערוגות א',נחל ערוגות,,
NS00001646,2022-06-13 15:56:11,קוליפורם צואתי,40,נחל ערוגות א',נחל ערוגות,,
NS00001646,2022-09-11 11:45:29,קוליפורם צואתי,100,נחל ערוגות א',נחל ערוגות,,
NS00001646,2022-11-07 14:43:06,קוליפורם צואתי,800,נחל ערוגות א',נחל ערוגות,,
NS00001647,2022-02-07 14:12:00,קוליפורם צואתי,70,נחל ערוגות ב',נחל ערוגות,,
NS00001647,2022-04-11 13:29:46,קוליפורם צואתי,10,נחל ערוגות ב',נחל ערוגות,,
NS00001647,2022-06-13 15:56:11,קוליפורם צואתי,<10,נחל ערוגות ב',נחל ערוגות,,
NS00001647,2022-09-11 11:45:29,קוליפורם צואתי,40,נחל ערוגות ב',נחל ערוגות,,
NS00001647,2022-11-07 14:43:06,קוליפורם צואתי,100,נחל ערוגות ב',נחל ערוגות,,
NS00001654,2022-04-11 13:29:46,קוליפורם צואתי,<10,מעיין עין גדי,עין גדי,,
NS00001654,2022-09-11 11:45:29,קוליפורם צואתי,<1,מעיין עין גדי,עין גדי,,
